seqn,total_count
31128,2421521
31129,1340156
31131,1751088
31132,2654034
31133,1208952
31134,1916944
31137,1944336
31139,839295
31140,1478976
31141,1576566
31142,1054090
31143,2543240
31144,774665
31145,3182296
31146,1187467
31147,3847261
31148,958508
31149,874460
31150,1597441
31151,1408252
31152,902096
31153,998524
31155,1450715
31156,1060176
31157,333208
31158,1532498
31159,9267
31160,1891773
31161,4030871
31162,616847
31164,2569498
31166,990991
31167,3202076
31170,1479398
31171,3590942
31172,606657
31173,2946386
31174,1246681
31177,663113
31178,1105984
31179,709004
31183,1844355
31186,2926849
31187,2095212
31189,2999333
31191,671632
31194,1597514
31195,2371896
31196,1502958
31199,4219549
31201,2117786
31204,850630
31206,279749
31207,532930
31208,43364
31212,170174
31213,638950
31214,350063
31215,1217369
31218,1040043
31219,3936309
31220,1462761
31221,1245425
31223,2426753
31224,2584860
31225,226598
31226,113870
31227,1700476
31228,5057585
31231,621423
31232,1001848
31235,1418139
31237,3321600
31238,2709885
31239,1070737
31241,2395319
31242,878914
31244,3947017
31245,504597
31246,2563905
31248,1727266
31250,1497519
31252,1277916
31255,2791784
31258,652434
31259,938962
31261,475725
31262,1209432
31264,1005557
31265,2060474
31266,373515
31267,2078363
31268,1854688
31269,315570
31270,3468638
31271,393923
31272,3478659
31273,1622123
31274,1161548
31275,1258654
31276,179863
31277,1455201
31278,1310502
31279,2377477
31284,600337
31285,1720784
31286,2279466
31288,2272621
31289,1536835
31290,2567780
31291,1169929
31292,1885798
31293,2455693
31295,2158351
31297,354397
31298,1053022
31299,1981700
31300,2008001
31303,748055
31304,1149131
31305,1400855
31309,1442972
31310,1133880
31311,1937050
31312,2186955
31313,453893
31314,3088712
31316,2077080
31317,1118585
31318,3840338
31319,3013295
31320,2745060
31321,655888
31324,2783483
31325,815557
31328,4526882
31329,1901265
31330,1874800
31331,3322186
31332,868699
31333,2568221
31334,744344
31336,1318447
31337,2090296
31339,559413
31341,1820577
31342,3125467
31343,594234
31344,2018204
31345,1503768
31346,1036939
31348,1746920
31350,1147457
31351,5321088
31352,857410
31353,6288
31358,1438512
31360,1390560
31361,50099
31362,1781507
31364,3018711
31365,404737
31367,303615
31370,871269
31371,1207047
31372,1472300
31373,1231184
31375,3559217
31376,2899713
31378,1490020
31379,349012
31380,1521875
31381,1713247
31382,1233864
31383,1145709
31384,2265618
31385,1351784
31386,912875
31387,38800
31388,1115339
31389,3224706
31391,1620971
31395,1363729
31396,2882868
31397,2003375
31398,3345991
31399,1278543
31400,281423
31402,1873145
31403,483744
31406,272326
31407,1086863
31409,4687041
31413,2783834
31416,972204
31417,1407999
31418,2066016
31420,4417767
31423,1236278
31425,1805449
31426,1108271
31427,2449763
31428,1204518
31429,1029757
31430,40850
31431,65959
31432,575825
31434,1283321
31435,2442824
31439,1443054
31442,528563
31443,972249
31446,1395287
31447,810534
31451,301851
31452,459032
31453,1934604
31454,1427050
31456,3197042
31457,1272237
31458,2066317
31460,1975137
31463,569820
31464,891496
31465,3804473
31466,1140842
31469,811365
31470,967889
31471,5726211
31472,358001
31474,5026828
31477,34409
31478,3158424
31480,2041581
31482,1019505
31483,1808050
31484,3936469
31485,2395357
31486,3531299
31487,531890
31488,2110270
31489,3633568
31491,2792462
31494,11715
31495,2980108
31496,2140448
31497,4017082
31498,1653122
31499,2280198
31501,433534
31503,2556595
31504,3470972
31505,957420
31506,1062302
31507,2275839
31508,421380
31509,100140
31510,2907303
31511,1578062
31512,1970574
31514,1128587
31515,1918804
31516,2207337
31518,941415
31519,853320
31520,1947109
31521,1727576
31522,1832958
31524,1277478
31525,137728
31527,2013491
31528,6560186
31529,1414891
31530,1703637
31531,1286296
31532,1185058
31533,2201447
31534,1838737
31535,521219
31537,1603644
31539,450498
31540,779232
31541,621821
31543,1467077
31544,1131791
31545,827200
31546,436176
31548,544957
31549,2749359
31551,915664
31553,2666580
31556,1866791
31558,486701
31559,696647
31560,2379535
31563,655295
31565,3351922
31566,1472770
31567,1650346
31568,2750555
31569,1761278
31570,2559382
31571,1013895
31574,3882118
31575,1986831
31577,2229708
31579,1468148
31580,805342
31582,1511421
31583,583268
31585,1255930
31586,2064288
31588,1627241
31589,1177
31590,2034016
31591,1204452
31592,1148559
31593,1404362
31594,1567549
31596,2149092
31597,1486671
31599,1666508
31601,541786
31603,891324
31604,1006252
31605,474167
31606,1284376
31607,2775617
31608,1593328
31609,2035720
31610,792606
31611,4090381
31616,2614727
31617,966594
31618,852205
31619,3180400
31620,2622073
31622,1050176
31625,2870675
31627,1008061
31629,1154870
31630,1499157
31631,3980702
31633,216059
31634,898271
31635,632974
31636,1014247
31638,2649117
31639,697644
31640,1297956
31641,794436
31643,2216144
31645,4588036
31646,1636726
31647,2090959
31649,2852567
31650,1629258
31651,786100
31652,602670
31653,1324667
31654,4026206
31655,4078902
31658,1198435
31660,1676672
31661,1007557
31664,444430
31666,1867543
31668,158320
31669,4132190
31670,3493200
31672,1923092
31675,543579
31677,3139673
31679,1878242
31680,780684
31682,1896308
31684,1978689
31685,2904164
31686,273
31690,489733
31691,1967135
31692,1948920
31694,1536503
31695,2666149
31699,2770705
31701,4786308
31702,2496001
31703,2783547
31704,1442283
31706,2737086
31707,847039
31708,1688424
31709,3524759
31710,894411
31711,916103
31712,726158
31714,1718287
31717,1423634
31718,362450
31720,734145
31721,915736
31722,3247708
31724,1327489
31725,1413246
31728,4823429
31729,1025476
31730,3532625
31731,1988071
31732,1882748
31734,1538014
31736,194087
31737,1300020
31739,2101934
31740,194744
31741,1258579
31742,1938824
31743,2349367
31744,668214
31745,2724727
31747,1319303
31748,1440391
31749,3089879
31750,355390
31751,1253847
31753,3282893
31754,3903238
31756,776648
31757,1124328
31762,753332
31764,1990805
31765,1918198
31766,4615905
31767,334802
31768,2022190
31769,2400525
31771,1052212
31772,1882094
31778,1918808
31779,2881465
31780,2020853
31781,967000
31784,944776
31785,942873
31786,3386465
31787,2754805
31788,1200213
31789,1382615
31790,1571950
31792,3380565
31793,2527607
31795,1335993
31796,1416288
31799,1328702
31800,1311721
31801,653039
31802,1854637
31804,855070
31806,923315
31807,312159
31808,395262
31811,1581415
31813,687864
31814,2215094
31816,119422
31817,3282323
31819,2040415
31820,1699240
31821,1676405
31822,1837999
31823,3364327
31824,938487
31827,1237187
31828,2644431
31830,1388472
31831,1886561
31833,3897032
31835,1041617
31837,1220296
31838,1430730
31839,1428019
31843,1943367
31844,25817
31847,652636
31849,2564697
31850,3543109
31854,2950582
31855,1626154
31857,1860583
31858,765340
31859,3125604
31862,1394538
31863,524123
31864,1068897
31865,4082730
31866,984838
31868,328332
31870,344021
31871,590732
31872,27275
31873,1584317
31874,2014419
31877,857703
31878,2208705
31879,2681965
31884,1280810
31885,3370220
31886,3027454
31888,738798
31889,958611
31890,1089431
31893,891981
31894,1570767
31896,3067193
31897,254115
31898,1197869
31899,1731067
31903,1011213
31905,840760
31909,3854580
31912,2095966
31913,1883613
31914,3219463
31919,636737
31920,1482678
31922,1279155
31923,1219128
31924,1665177
31925,620456
31926,4609
31929,347386
31931,1027994
31932,2710532
31933,2763356
31934,1832950
31936,1231304
31937,1047689
31939,2567578
31940,3284327
31944,893173
31945,491349
31946,688302
31947,605217
31948,1937524
31949,5710554
31950,1471761
31951,616274
31952,6640566
31953,3064627
31957,849472
31958,1286988
31959,1988976
31960,3690666
31961,1405994
31962,1656032
31963,158321
31964,509757
31966,1257453
31967,1371700
31968,1005604
31969,2523798
31970,1227465
31971,459062
31972,556998
31973,1130284
31974,269738
31975,843106
31976,2165766
31977,1748301
31978,3796319
31979,2625262
31981,1919843
31982,2006348
31985,1056271
31986,2837368
31988,97693
31989,1296250
31990,266319
31991,1781381
31992,1135450
31993,1420262
31994,2209631
31995,1440293
31996,807353
31998,764131
32001,601225
32003,2132364
32004,2280173
32006,1387671
32007,1090045
32010,2284201
32011,1318878
32012,3107822
32013,1646760
32014,549471
32015,899066
32017,878019
32018,1602926
32019,1068766
32022,648932
32025,3501237
32026,1490072
32027,2268876
32030,704036
32033,2460726
32034,1968206
32035,1591121
32036,1077409
32037,3338036
32038,1410921
32039,831115
32040,3775024
32043,5426379
32045,307157
32046,1286783
32047,3904551
32048,1971727
32049,3100550
32050,2783995
32051,1545516
32052,3843014
32055,1746146
32058,1218025
32061,875308
32062,400478
32063,535823
32065,2303599
32066,1435942
32067,769112
32068,911245
32071,1475577
32073,1841888
32074,1393301
32075,1087227
32076,400080
32077,1088361
32078,7885
32079,703348
32082,1877599
32083,1925367
32084,1825682
32086,2005061
32088,117703
32089,1262676
32091,1323002
32092,2065359
32093,4059512
32094,993061
32097,1739216
32099,936311
32102,4047514
32103,1559970
32104,1398727
32107,2637240
32108,1769796
32109,2314635
32110,1999544
32111,2313256
32112,2333480
32113,3024375
32115,1946230
32117,1921641
32118,1319310
32120,9254
32122,1167428
32123,4244047
32124,3200556
32127,543747
32129,1880310
32130,1117970
32131,2402137
32132,828623
32133,1216537
32134,2464241
32135,531910
32136,1624145
32137,1531500
32138,1469419
32140,1119691
32141,462974
32142,4266386
32143,1568660
32145,477192
32146,1544986
32148,3056635
32149,1278626
32150,1837231
32151,2466828
32152,567223
32153,3058888
32155,4282854
32158,8305865
32162,945090
32163,1294010
32164,2091889
32165,5007609
32167,363434
32168,2523374
32172,2272150
32177,2274879
32179,1780041
32180,1691069
32181,403230
32182,3422464
32183,641637
32185,2106862
32186,405104
32188,3630968
32190,1175842
32191,1704995
32195,1367098
32196,4480924
32197,568022
32198,252376
32199,729512
32200,2142701
32201,967655
32202,916158
32203,1106634
32204,1570164
32205,1316103
32208,2129083
32210,2553389
32211,1012317
32212,2000720
32214,1579940
32216,1457940
32217,1184611
32218,299277
32221,2201798
32225,1309344
32226,4480318
32228,1855219
32230,1542933
32234,1029437
32236,1493551
32239,1168674
32240,1964562
32241,363185
32242,540397
32243,1931708
32244,3820577
32245,1644110
32248,2503079
32249,1972542
32250,122676
32251,520643
32254,2227683
32255,2754656
32257,24980
32261,3494793
32262,1427918
32266,2229622
32267,897281
32268,1275221
32270,1206950
32271,1749248
32272,670215
32273,1972833
32275,4603057
32276,878451
32278,2966422
32279,2021597
32280,9759
32281,2318356
32283,655915
32284,3174732
32285,4781888
32286,1395049
32287,1858521
32288,2627985
32290,1804820
32291,1791973
32294,301723
32295,2361236
32296,1145732
32298,2391177
32301,935462
32302,4660297
32303,3210403
32304,1744400
32306,1544762
32309,733203
32310,751766
32312,864780
32313,1904622
32314,1289966
32315,1318765
32316,987603
32317,1191321
32318,723833
32319,1807164
32320,3477152
32321,1719936
32324,781405
32325,2545016
32326,2829677
32328,419861
32329,2795617
32330,2422252
32331,741483
32333,1445331
32334,367837
32337,3748930
32338,1374310
32339,3866294
32342,1752316
32343,1243081
32344,3163102
32345,3178961
32346,4479884
32349,1962284
32350,982427
32352,3764064
32354,549642
32355,1438731
32356,1854310
32357,718816
32358,968284
32359,1015339
32360,1319282
32361,2262388
32362,75876
32364,680430
32367,2235194
32370,2002088
32373,2534132
32375,1584982
32377,209804
32378,1991587
32380,1264392
32381,1184677
32383,712353
32385,2869109
32388,1482738
32389,3141174
32390,592651
32391,1884418
32392,4271782
32393,1156667
32395,1319000
32396,2892405
32399,2755977
32400,1741701
32401,927835
32403,1185079
32404,207308
32405,42114
32406,2200718
32407,1102698
32408,5044380
32409,2085738
32411,1706926
32414,1148844
32419,973169
32420,2952653
32423,280006
32424,1539689
32427,1434410
32428,2451067
32430,802987
32431,1295944
32433,2204592
32436,1053936
32437,2192839
32438,1807389
32439,477838
32440,628138
32441,1616176
32442,2143317
32443,1463804
32444,692682
32445,1666559
32448,3118051
32453,381414
32454,1796448
32456,2432420
32458,2153408
32459,1205032
32461,2551556
32462,204317
32465,2102567
32467,1701759
32469,2074952
32472,2781897
32474,2464959
32475,1896336
32476,3606662
32477,1290909
32478,682402
32479,2503025
32480,945009
32481,1542984
32483,2334450
32484,1905246
32485,1677370
32488,2194418
32489,1487161
32490,1496599
32493,3814558
32494,1785669
32495,3407900
32498,1201445
32499,1019870
32500,1750437
32501,1943798
32502,1291800
32503,652480
32504,1623165
32506,2000234
32508,1527142
32509,705809
32513,805225
32514,2418844
32515,2105031
32516,3476659
32517,3667214
32518,2622531
32519,1593276
32520,1436961
32521,1178982
32522,2808883
32524,1789516
32526,2104665
32527,1850892
32528,1550643
32530,240007
32531,1377596
32532,5821332
32534,3380699
32537,1080693
32538,1763885
32540,327285
32541,1392233
32544,5034244
32548,1315436
32549,1779811
32550,3106082
32551,572801
32552,1023525
32555,2255455
32558,4286649
32559,2492417
32560,1165808
32564,542729
32565,1565721
32566,2548422
32567,2993904
32570,1384806
32572,693479
32574,283508
32575,2429861
32576,2158303
32577,1141642
32578,2870139
32580,2456327
32581,747061
32583,580799
32585,1489494
32586,848813
32588,1909508
32589,1851289
32591,1879111
32592,2863860
32594,1615764
32596,2503888
32597,2719076
32598,2799331
32599,1989898
32600,1510600
32601,697705
32602,140973
32603,1722861
32605,1620665
32606,2542
32609,1701024
32613,221104
32614,2222961
32615,503061
32616,617176
32621,306804
32622,2621413
32623,2734979
32624,479923
32625,1246267
32626,1934292
32629,2266116
32630,1244775
32631,4599401
32632,1338267
32634,1463958
32635,1799686
32636,1003501
32638,1274616
32639,2572881
32640,1316991
32641,4576237
32642,2728316
32644,1176087
32645,2009811
32646,4475104
32647,1541989
32648,451150
32649,1734748
32650,2399043
32651,874109
32653,2759605
32654,1737941
32657,657736
32660,3423323
32661,2142658
32662,2865756
32663,804723
32665,5017326
32666,571149
32670,2368407
32671,865311
32672,2744645
32673,1263867
32674,1619862
32675,1839954
32676,962532
32677,1296250
32680,1352076
32681,2036808
32683,2939710
32684,504000
32685,401387
32686,780422
32687,1486205
32688,1017199
32689,1833858
32690,1279267
32691,1343114
32692,1640817
32693,1252935
32695,1631824
32697,1922715
32698,3276896
32703,1544614
32704,576536
32709,1083698
32710,1034598
32711,815790
32712,585764
32714,1892763
32715,2981805
32716,914018
32717,1875225
32718,429722
32719,3174406
32721,1796965
32722,3094292
32725,3367157
32726,1867600
32727,327631
32731,2376082
32732,1503022
32733,2550538
32734,1443226
32738,1542664
32739,1245794
32742,2440173
32743,1368788
32744,17147
32745,1692373
32746,755207
32748,4418355
32749,639833
32750,1322697
32751,108905
32753,1223402
32755,1904404
32756,1237665
32758,3093746
32759,1430955
32760,1122191
32761,528694
32762,2158434
32763,1624892
32765,1215089
32767,923067
32768,2765503
32769,716263
32771,2161853
32773,810646
32775,1142432
32776,1364637
32777,1483680
32778,2837440
32779,1672429
32781,2651025
32783,965745
32785,2946304
32786,1667579
32787,1373530
32788,3942267
32789,31980
32794,879729
32796,1760039
32797,2701868
32799,3038945
32800,2979340
32801,2136839
32802,2209230
32803,5272424
32804,627439
32806,2277478
32807,3710002
32808,2174
32809,1122
32810,3161406
32812,464305
32813,558572
32814,3010856
32815,1373420
32817,3352524
32819,7026
32821,894186
32822,1224823
32823,3530504
32824,1328305
32825,756409
32827,786
32829,2060592
32830,2578022
32832,1906721
32835,3436965
32836,831208
32837,2744178
32839,1914763
32840,1920241
32841,894282
32842,3505897
32845,698725
32847,1458190
32848,2801766
32849,1983424
32850,493902
32855,330301
32857,1888054
32859,2886278
32865,1846261
32866,2718668
32867,2282575
32868,1231311
32869,2215468
32870,1497932
32871,1549437
32873,732590
32874,235961
32875,970853
32876,5601532
32878,134579
32879,1678854
32880,770772
32881,1016180
32882,1318034
32885,2372829
32887,30760
32888,1898591
32889,1418756
32890,3215711
32891,2191017
32892,2222847
32893,445620
32895,2190429
32897,1662914
32899,773156
32900,2442130
32901,1097565
32904,93326
32905,1965206
32908,1142935
32909,4654562
32910,1903483
32911,2529208
32913,947204
32914,1108379
32915,15660
32916,869961
32918,801521
32919,3360626
32920,1481541
32921,1879198
32922,2062522
32923,682776
32924,377256
32925,2448766
32926,2131692
32927,1252223
32928,1755663
32929,2460383
32930,1095876
32931,1947653
32932,924069
32934,2100397
32935,2806471
32937,2982738
32938,1074382
32939,2911183
32941,1261734
32943,400392
32945,381462
32946,2206449
32947,3082391
32948,205730
32952,500679
32954,601108
32955,570804
32956,2129066
32958,2908738
32960,1090994
32962,962183
32963,3045322
32964,1163403
32965,3126284
32966,1744172
32971,2359674
32972,680886
32973,2417961
32975,1612978
32977,14456
32978,1036456
32979,2661645
32980,1679203
32981,451567
32983,1918422
32984,1659838
32985,1169956
32988,789740
32989,722433
32991,495514
32992,888753
32993,1893294
32994,2537842
32996,360450
32997,1640719
32998,1260117
32999,5041071
33001,711648
33002,2193041
33005,1543608
33006,1924715
33007,25852
33008,3706276
33011,2174109
33013,1025104
33014,1863752
33015,4796103
33017,336521
33020,1244676
33022,982773
33023,1214722
33024,2592146
33026,1449845
33028,3830377
33029,2000702
33030,2319667
33031,2029932
33034,1396470
33037,2234541
33039,763125
33040,3280883
33041,1028151
33042,590024
33043,1371368
33044,1361325
33046,2420662
33048,812598
33049,4460241
33050,1844019
33051,1496430
33053,3632026
33055,1527308
33056,3660708
33057,1592070
33058,1504519
33059,2050950
33062,2198379
33065,1519865
33066,761953
33067,763072
33069,1463982
33070,3336789
33071,770294
33072,727899
33076,1196242
33077,902042
33079,1652530
33080,1550268
33082,1220714
33084,4196003
33085,1707272
33086,769666
33088,1587318
33090,2999363
33092,2061648
33093,1422092
33094,851490
33095,1768756
33096,218984
33097,3378099
33100,641619
33101,3055050
33104,1953954
33105,882961
33106,987295
33107,843798
33108,620530
33109,2641535
33110,1680658
33111,2450726
33113,3455801
33114,1510470
33115,1509064
33120,3653645
33121,2770144
33122,398503
33123,275053
33125,1481703
33127,309500
33128,18996
33130,1290535
33131,1090252
33134,5888852
33137,670650
33139,1988443
33140,1824482
33141,1971691
33143,3868152
33144,462974
33145,2810434
33146,896592
33152,1380875
33153,234670
33154,944005
33156,1697841
33158,1874588
33160,3814914
33161,3446723
33163,295459
33165,2609414
33166,2417948
33167,1507190
33168,1254530
33169,2443338
33170,2151462
33172,3683833
33173,6343860
33175,170907
33176,21746
33177,321359
33178,570036
33179,2914725
33182,256360
33183,1539607
33184,1354596
33185,6727480
33186,2118524
33188,1021199
33190,1755633
33191,2066329
33193,328950
33195,1527419
33196,171877
33197,198720
33198,1190481
33200,258306
33201,1406212
33203,2475318
33206,1994717
33207,740737
33208,2614722
33209,259560
33211,2933703
33213,991063
33214,1437302
33215,4265191
33216,2866687
33217,1242139
33219,1478534
33220,2412438
33221,1512855
33222,1004016
33223,271193
33224,1897980
33225,470493
33226,2673514
33227,1301690
33228,534612
33229,1049537
33230,1823614
33231,2182151
33232,1284455
33235,726111
33238,528381
33239,292409
33240,1274330
33241,1608824
33244,1053933
33245,1055306
33246,1430831
33247,2161544
33249,944371
33251,1564385
33253,1329664
33254,4408680
33256,2260283
33257,25863
33259,1960577
33261,1649074
33262,791783
33265,1016907
33266,5946237
33270,2044870
33271,1568770
33272,507956
33274,1872139
33275,923082
33278,5637000
33280,1156711
33281,3105611
33282,1201820
33284,1423936
33285,661639
33286,2401164
33287,575583
33289,3912320
33290,991828
33291,288269
33294,290819
33295,19204
33296,1385430
33300,2423770
33302,2622961
33303,1224816
33305,2433373
33306,2293219
33307,1244061
33311,4079
33312,1170280
33315,1843783
33316,877078
33317,1487235
33319,510493
33320,355947
33321,1877610
33323,659477
33324,1638072
33325,3202742
33328,2309222
33329,1066963
33330,847774
33331,272517
33335,1950587
33337,20817
33338,432878
33344,2248370
33345,646538
33346,755656
33348,3247632
33349,867973
33351,1078018
33355,2132068
33356,906397
33357,1605584
33358,1104750
33359,457814
33360,2831542
33361,2707660
33362,2008168
33363,1607374
33364,2337020
33365,1333362
33366,1518845
33367,1187057
33368,355506
33374,2708944
33375,3217043
33376,2545372
33379,1174587
33380,930
33381,621266
33383,1748975
33384,1859703
33385,1728199
33386,5273845
33387,3525067
33389,522451
33390,1321492
33391,2146876
33392,3611191
33393,1953021
33394,2992405
33395,900693
33396,2898675
33397,1762727
33399,2690863
33400,3201048
33402,1027301
33403,2174833
33404,349282
33406,2162420
33410,2842394
33411,2556165
33412,2085557
33413,1132602
33414,1842690
33415,1090488
33416,656366
33418,1614488
33420,2265192
33424,1253118
33425,1504586
33426,451950
33428,1870325
33429,1022205
33430,1377649
33434,2422297
33436,3087844
33438,5246012
33439,2922215
33441,3668581
33442,1585288
33443,707776
33444,4464939
33445,1486708
33446,1831359
33447,1483355
33449,1854386
33451,1528055
33452,838334
33453,3417812
33454,761027
33455,2107456
33457,2947018
33458,1058120
33464,1336917
33465,1919528
33466,598026
33467,1601903
33468,919732
33469,1360747
33470,1916868
33471,1221513
33475,605163
33476,2312232
33477,2835194
33478,1918705
33479,129472
33483,991347
33484,691201
33485,1122121
33488,1541362
33489,1253610
33492,639161
33494,1622401
33496,1579206
33500,1075332
33501,411667
33502,4250259
33503,778253
33504,1351653
33507,1119392
33508,1295208
33509,1188942
33510,775815
33512,757690
33514,2163719
33516,2315930
33517,1085974
33518,2321835
33519,1871173
33520,1703031
33524,25561
33525,4391262
33526,3773918
33527,637321
33529,1123738
33530,1476330
33531,1593040
33532,2311926
33533,1455764
33534,1626876
33535,2297643
33536,2208783
33538,3849
33540,1888468
33541,1413859
33542,1738673
33543,613360
33544,514841
33545,2434292
33546,1118084
33548,2789886
33549,1255463
33550,2696475
33551,1377210
33552,3216950
33553,1720671
33554,2497894
33556,2116287
33557,2013785
33559,780174
33560,5431826
33562,1558975
33563,464551
33565,2322938
33566,524704
33568,1013533
33569,1496652
33570,1425449
33574,386053
33575,2028588
33576,1497832
33577,1477931
33578,2054778
33579,189685
33581,473725
33582,1218
33583,1926702
33584,2561384
33585,2562708
33587,1266546
33588,329922
33589,1762474
33590,2671603
33591,1708145
33592,1604778
33594,859525
33595,763926
33596,652288
33597,1980075
33604,490912
33605,561507
33606,1630320
33607,549623
33609,1277045
33610,2373652
33611,623967
33612,1018669
33614,1108702
33615,3964468
33616,909006
33617,511140
33618,2222114
33619,3305462
33620,1461908
33621,1780151
33624,607377
33625,955494
33627,1071921
33629,2518658
33630,2151092
33633,1294433
33634,56935
33635,548913
33637,511861
33639,2062157
33643,296025
33644,5114195
33645,1542411
33646,751514
33647,1169679
33648,1105160
33653,1901510
33656,1736235
33657,1201611
33658,3840083
33659,1076282
33660,2120334
33662,1244421
33665,223230
33666,1369468
33667,1021280
33668,615944
33669,1528661
33670,183707
33674,1641863
33675,624021
33676,1724465
33677,4265179
33679,2503513
33680,1788534
33681,1488381
33684,1140084
33687,1991126
33688,874471
33690,1279000
33691,809150
33693,750412
33695,3620385
33696,674185
33699,27958
33700,1332427
33702,3337715
33708,50565
33711,3026076
33712,2470061
33715,847536
33718,2848474
33719,1277999
33720,902008
33721,1578782
33725,666539
33726,1175101
33727,2377135
33728,5029917
33730,1737645
33731,729526
33732,2885824
33733,34827
33734,3587702
33736,1882313
33737,2772001
33738,1009889
33740,227014
33741,1086147
33743,1094
33745,1526309
33746,1499027
33747,1327842
33748,260620
33750,2133054
33753,1426346
33754,2040059
33755,3053
33756,1840870
33757,1173864
33761,1489160
33765,1665979
33768,425060
33770,116177
33771,1531923
33773,4186614
33774,98883
33777,2239526
33778,2942171
33779,95408
33780,1102789
33781,3942789
33782,3468316
33783,1402073
33784,1321405
33786,2770611
33787,1692635
33788,2221106
33789,786821
33790,2957201
33792,1036283
33793,795370
33796,617970
33797,621560
33798,2904535
33801,2851864
33802,3458537
33803,884745
33805,1068152
33806,1149097
33808,719060
33809,1119203
33810,1651483
33812,117403
33814,923578
33815,2657979
33816,2888183
33817,1384867
33818,5877840
33819,565627
33821,3492868
33823,1674512
33824,2371619
33825,1788749
33827,2453306
33828,2818427
33830,1625456
33831,2420417
33833,1691503
33835,2296713
33836,957649
33838,1239246
33839,1670522
33840,1566563
33841,182118
33842,1292063
33844,1909655
33845,1188378
33846,2708376
33847,1058569
33848,2959261
33850,528724
33851,3460401
33852,1126613
33853,793499
33854,1664493
33855,2176075
33857,1865954
33860,4043070
33861,729110
33863,2533802
33864,1595197
33866,1180379
33867,84234
33870,3044469
33871,548855
33872,1111360
33876,4527498
33877,1302654
33880,2723641
33884,3004857
33885,1907199
33886,1718457
33888,421068
33889,3131854
33890,2612669
33892,1327905
33894,1875692
33895,659021
33899,1096222
33900,2634381
33902,4234983
33904,832982
33910,1184520
33911,1030370
33912,700669
33913,1852535
33914,461230
33916,227463
33917,2415416
33918,1490550
33920,1212830
33922,411145
33924,943136
33926,3522966
33928,1711088
33929,2019948
33930,1445030
33931,1928405
33932,2346320
33934,1801027
33935,2035489
33936,2245816
33938,958601
33941,663360
33942,1498443
33944,993510
33945,726173
33947,2236286
33948,1320106
33949,5488220
33951,641714
33952,1409855
33954,1529739
33955,860577
33956,995368
33958,3625935
33959,1469398
33960,1114743
33961,703355
33963,1073516
33965,786
33966,580113
33967,2034389
33968,1824726
33969,789572
33971,1011848
33972,888473
33974,2762252
33975,868741
33976,1291734
33977,2003
33978,3465434
33981,615247
33982,3792010
33983,64145
33985,464928
33986,2086510
33987,1498896
33988,1027856
33989,6316408
33990,159801
33992,3228068
33993,2625771
33994,1889428
33995,1491354
33998,199637
34000,1058272
34001,251565
34002,645850
34003,2633934
34004,7326
34005,3623812
34006,946095
34007,2412846
34008,2946656
34009,1104987
34010,1217544
34011,662103
34012,731891
34013,9964
34014,2617703
34015,255178
34016,20999
34017,515698
34020,6659943
34021,847757
34022,2360688
34023,2431958
34026,2127749
34027,1597053
34028,2507352
34029,1247870
34030,2373934
34031,918121
34032,687971
34035,3845651
34036,227467
34037,1908013
34038,2391786
34040,327853
34041,993933
34042,965115
34043,701045
34044,3694353
34046,4033054
34047,1826496
34050,1402905
34051,1424732
34052,1306618
34054,1100550
34056,26084
34057,2809046
34058,936667
34059,1958949
34060,1210059
34061,1673304
34062,921418
34063,417679
34064,705688
34066,3474399
34067,3127489
34068,419048
34069,895733
34070,2447569
34071,3116075
34073,1587689
34074,609168
34078,846288
34079,1003116
34080,1907348
34082,1746152
34083,2219271
34084,608286
34085,1995612
34087,1291688
34088,1472684
34090,1667920
34091,2533348
34092,2293209
34093,724958
34094,1407178
34095,1364594
34096,801117
34097,1572709
34098,3798592
34099,6411
34100,1232273
34101,1786200
34102,2945256
34105,4002302
34107,1549645
34108,1031316
34109,1901273
34111,1839784
34113,3146019
34114,1668673
34116,985702
34117,2644389
34118,1845355
34120,1858925
34121,1990795
34122,732734
34123,2383781
34124,2256778
34126,912814
34127,553877
34128,2732433
34129,1294878
34131,1409905
34132,1902794
34133,2184225
34134,1176469
34135,1142940
34136,1281203
34137,376599
34138,1869537
34140,1626724
34141,1300055
34142,3266732
34144,3238302
34145,2727857
34146,4864853
34147,1273510
34148,1127655
34150,1356410
34151,10251210
34152,1244116
34154,1207750
34155,2408502
34156,2459805
34157,885313
34158,2043669
34161,1521901
34164,1076739
34165,1807536
34166,1755659
34167,185111
34168,391497
34169,1328623
34170,4011454
34171,3576872
34172,2395415
34173,238321
34175,593648
34176,1278542
34179,1940596
34180,1186321
34183,1714500
34184,24847
34186,1321659
34187,2352334
34188,1773265
34189,1167060
34191,2587698
34193,2959205
34194,1006089
34196,2632011
34198,2240599
34202,568324
34203,1011524
34204,3774469
34205,5433128
34206,1538710
34207,1931613
34209,1155968
34211,1347653
34212,1070680
34213,1189999
34214,2541383
34215,1284032
34217,2082438
34218,871498
34219,1146076
34220,1890616
34221,846668
34223,1987139
34225,3155230
34226,695002
34227,2507175
34228,1215439
34230,789030
34231,3260797
34233,2848105
34234,2655521
34239,635714
34240,2196643
34245,2643990
34247,1380347
34249,880284
34250,2763993
34251,2647640
34253,4577545
34254,1640410
34256,1625276
34263,1389581
34265,362903
34266,94699
34269,2449890
34272,403427
34273,2552705
34274,2277350
34275,2064189
34276,3810723
34277,40495
34278,2735791
34280,661484
34283,446322
34284,2213593
34286,3627640
34287,1151168
34288,1008437
34289,1490262
34290,2473647
34291,2432518
34292,997599
34293,718280
34294,1710777
34295,1222075
34299,3521930
34300,599421
34301,1801184
34302,1585894
34303,1459354
34304,3485818
34305,261917
34306,1569395
34310,781887
34312,1903756
34314,807037
34317,1168390
34318,380077
34319,103272
34325,1378463
34326,1126518
34327,891175
34328,1460304
34329,540049
34331,355721
34332,2422202
34333,2390988
34334,846292
34335,1096925
34336,1585884
34338,1744650
34339,1038543
34340,1363970
34341,2593837
34343,1750605
34344,1082632
34345,13130
34350,2291685
34352,241797
34353,1271023
34356,2717663
34358,1069638
34359,1068094
34360,3565077
34361,603778
34363,3300276
34364,1217069
34365,3139708
34366,2773812
34367,820727
34368,1855210
34370,272434
34371,1696519
34372,1521801
34373,937105
34374,728751
34375,1491563
34376,3087497
34377,855513
34378,4097490
34380,853061
34381,2079567
34382,3906020
34383,256000
34384,3223004
34387,3785772
34388,1575305
34389,3394891
34390,474738
34391,2519916
34393,2018471
34394,2011064
34395,1521529
34396,1760534
34397,880417
34398,1910256
34399,1914663
34401,993238
34402,949438
34403,4825830
34405,2631312
34406,648339
34407,1660207
34408,510579
34409,2127548
34410,992484
34411,2167534
34412,1096962
34415,812903
34416,645862
34417,1361905
34418,1732844
34419,992184
34420,1713724
34421,146001
34422,4080177
34423,1015682
34424,3429
34427,967468
34430,2769208
34431,2890075
34432,1662102
34433,1017200
34434,2163257
34435,1171157
34437,1716413
34438,2078979
34439,2385695
34443,2539239
34444,2603587
34448,3519605
34449,1898645
34450,3370593
34452,1950644
34454,1233421
34455,3990304
34456,1821594
34457,1066241
34458,3430533
34461,2022332
34462,366667
34463,2041838
34465,791701
34467,1955311
34469,16305
34470,2669518
34472,1794477
34473,1285656
34475,2175301
34477,1171997
34478,6547477
34479,1268106
34481,849128
34482,1175203
34483,2071607
34484,887358
34487,1577744
34488,1303155
34490,1834335
34498,1520514
34499,2571034
34500,1647106
34502,1824056
34504,1215211
34506,3061898
34507,950497
34508,389955
34509,1352613
34512,2787968
34513,3222339
34514,1779681
34515,559162
34516,598395
34517,3342087
34518,3349120
34520,1853332
34522,3026586
34523,1939458
34524,1998120
34525,4178975
34526,1955363
34527,1222196
34528,168141
34530,1833552
34534,1131584
34535,993971
34536,1270842
34541,2233198
34543,1023119
34544,2986535
34546,1147341
34547,453938
34548,3073
34551,1077642
34554,3435772
34555,1762296
34556,5261901
34557,2251543
34561,1501187
34562,1847399
34563,1680831
34565,565137
34566,2220833
34569,3434466
34570,624360
34571,941483
34572,1083510
34573,2949889
34574,1106381
34575,579457
34577,1124786
34578,1820460
34581,1886568
34582,27551
34590,1213168
34591,48594
34592,1287380
34593,2043569
34594,293244
34595,1143003
34596,199137
34597,2915607
34599,113576
34602,729150
34603,669955
34605,1312873
34606,1261736
34607,1396852
34608,1430259
34609,6012389
34612,3092482
34613,635206
34614,1505285
34615,934606
34617,1776847
34618,1921143
34619,3191734
34620,1661997
34621,716267
34622,3329702
34623,2402657
34624,1547754
34625,434994
34627,2207179
34628,1933083
34631,2687143
34632,4235280
34633,1461247
34635,1217948
34636,1072709
34637,1361841
34638,764036
34640,883110
34641,1060788
34642,1563454
34644,2067500
34647,1099032
34649,939829
34650,1623932
34653,2388359
34656,856547
34661,166416
34662,1835704
34663,934017
34667,109943
34669,4094696
34671,899099
34672,1290077
34673,43523
34675,498863
34677,2212328
34681,537996
34684,936740
34685,1695617
34687,779496
34689,3238663
34690,1465613
34692,2825059
34696,1700469
34698,2621834
34699,2633233
34700,2264552
34703,1214982
34705,806266
34707,1084275
34711,859480
34712,958281
34713,1102385
34714,1506806
34715,1054546
34716,2103704
34719,734208
34720,3370767
34724,2706783
34726,603593
34727,12606
34728,4719398
34729,1491999
34730,2927974
34731,3221001
34734,2272169
34735,1852216
34739,846628
34740,709816
34742,3170254
34743,215915
34744,1490867
34745,1640949
34748,157209
34750,2770137
34751,1429674
34753,2275620
34754,1708828
34756,1096451
34757,1953122
34759,2305182
34760,560119
34761,1445877
34762,2171916
34763,4493859
34766,3803049
34771,2506204
34773,2149558
34774,1523225
34775,651864
34776,1507163
34777,1449950
34778,1618664
34779,957637
34783,776641
34784,1698248
34785,297584
34786,121977
34787,2573224
34789,1542886
34790,1119408
34792,811053
34793,1858131
34794,768746
34795,1246836
34796,141381
34797,1861526
34801,2153775
34803,356402
34805,2600944
34807,195584
34808,1237711
34811,1467341
34812,1409530
34813,1607736
34815,1529875
34817,2731774
34818,3153568
34820,873677
34821,1136886
34822,112946
34824,9485
34825,2850277
34826,4604504
34827,534735
34828,2410986
34831,3810376
34832,218395
34833,872023
34834,438041
34835,1746774
34838,347576
34841,1424770
34842,2938305
34844,602021
34845,559490
34846,1579503
34848,557673
34849,387052
34850,1532776
34851,1967416
34854,1359969
34855,523363
34856,2414415
34857,247410
34858,896572
34859,2002889
34860,1503016
34862,2845387
34863,2069174
34864,1139824
34865,1655609
34866,2852639
34868,225004
34869,1685161
34871,177908
34873,1049329
34874,1685748
34875,1734240
34877,2331400
34880,196925
34881,1213642
34884,2393313
34885,619051
34886,2797731
34887,2744698
34888,1478191
34889,1905715
34892,3090818
34893,1029628
34897,1246769
34899,1041112
34901,1145471
34902,943022
34904,1019407
34905,2402781
34906,1510784
34907,4347393
34908,2488524
34910,725362
34912,2285289
34913,933754
34914,1747180
34915,6529068
34917,855030
34918,1447676
34919,819554
34920,3634617
34922,2520543
34923,856617
34925,1765176
34926,7808460
34927,3357860
34928,1006493
34929,4303938
34930,7348734
34933,2106387
34934,836366
34935,1589565
34937,1302329
34938,1562682
34939,1076112
34941,1565020
34944,2774721
34949,1129104
34952,1133943
34953,1030712
34954,2068126
34955,530946
34956,550225
34960,488496
34961,1112826
34965,693877
34966,2639972
34967,1679816
34970,39719
34971,1457558
34972,3007218
34973,25310
34975,2605136
34976,3404348
34977,615667
34979,2607753
34981,4522779
34983,2981658
34984,2057649
34985,1123827
34987,2575728
34989,2233496
34991,581867
34992,2738296
34993,392831
34994,799867
34996,2650513
34997,984056
34999,1647934
35001,2015322
35002,2189852
35003,1264678
35004,997302
35005,2816119
35006,1478733
35007,1394066
35010,1241444
35013,2166040
35015,1143977
35017,1215135
35019,1167251
35021,1202671
35022,1597786
35023,2970473
35024,2820692
35025,2468616
35027,1311626
35029,1114303
35033,1270840
35034,2655601
35036,2844892
35038,1716733
35040,526510
35041,1476671
35042,500281
35045,1776761
35046,680
35048,1288002
35049,1721548
35050,1049066
35051,1595329
35053,1136588
35055,1387048
35056,1414437
35057,283951
35058,1377650
35061,1395797
35062,972930
35065,3575714
35067,496065
35069,863894
35070,1992250
35071,1484941
35072,3899290
35073,1757238
35075,2789634
35076,663388
35077,864856
35078,1678796
35079,473869
35080,898061
35081,3571093
35082,2177028
35086,1532972
35087,1763746
35088,3150641
35089,1619695
35090,531568
35091,1223524
35092,1525572
35094,1512641
35097,483127
35098,4013773
35099,741473
35100,1198202
35101,2028493
35107,3312930
35108,2983781
35110,1536474
35111,744910
35112,463024
35113,1414681
35114,3628458
35115,2595037
35116,44178
35117,1200474
35119,1174746
35122,1899098
35123,3124789
35125,683328
35126,6547152
35128,1715794
35130,115601
35133,1220307
35134,1903239
35135,2835948
35136,2175952
35137,1012505
35138,1131981
35139,2916425
35142,991287
35143,375366
35144,2700444
35146,668882
35147,2096576
35148,1574435
35149,1407179
35151,801188
35152,931592
35154,1263177
35155,1244126
35159,89650
35160,436119
35162,641207
35166,1464835
35168,1525579
35171,1499232
35172,1799944
35173,2656985
35174,92804
35175,257829
35177,543240
35178,3325469
35180,2719887
35181,511788
35187,3905141
35188,1682315
35191,1085948
35196,4112720
35197,2398754
35198,1629180
35200,683267
35201,1537981
35203,1167914
35204,649515
35205,624361
35206,2637988
35207,1235011
35208,1477055
35209,3959861
35210,3019654
35211,1098945
35212,417629
35213,1968970
35214,945178
35215,1162056
35216,161871
35217,1502028
35218,1022684
35221,432262
35222,1655123
35224,1438654
35225,1307767
35226,1927362
35227,1124830
35228,2614181
35232,769887
35235,280492
35236,1521277
35238,1531103
35239,1669734
35240,1035157
35241,1416111
35245,449656
35247,1048236
35249,31460
35252,1308003
35253,2663880
35254,4525889
35255,1635931
35256,3725249
35257,1979437
35258,2607684
35260,604977
35261,539120
35262,3083615
35263,3200419
35265,735099
35266,3192145
35268,2907902
35270,1916191
35271,2164038
35273,1209504
35274,1339612
35277,5907675
35278,1038050
35281,2122421
35282,501798
35283,1120103
35284,3594090
35285,2259994
35286,2024156
35287,334290
35288,3610927
35291,868032
35292,1003556
35295,2600
35297,805436
35298,1174077
35299,1600543
35300,622822
35301,1453105
35302,1840970
35303,1631719
35305,1791274
35306,238570
35307,1664907
35308,734459
35309,156361
35310,4878835
35311,1546505
35313,1200188
35314,3446523
35315,1464588
35316,2083029
35317,1411239
35318,340528
35320,819504
35321,1194781
35322,2877767
35324,688311
35325,1692453
35326,1567807
35327,969995
35328,1341599
35329,3070226
35330,2455704
35335,236582
35336,1294673
35337,1616355
35339,2178570
35340,1458377
35341,352114
35342,1178327
35343,508851
35344,928190
35345,2286793
35348,2053
35349,1942812
35350,1647142
35351,985915
35352,167904
35354,3475163
35355,529904
35357,1646304
35362,684418
35364,2019167
35367,789647
35368,620977
35369,826052
35371,1050441
35372,2515210
35374,451897
35375,803893
35376,1182336
35377,642665
35378,1598797
35380,1735838
35381,365878
35382,803901
35383,2823438
35384,985163
35385,1184749
35386,583826
35389,1918771
35392,985056
35393,2504674
35394,1749234
35395,2430322
35396,1531314
35397,1109810
35399,5280306
35402,470445
35403,1898015
35405,1732805
35407,4258030
35408,445491
35409,2049382
35410,2013933
35412,2627052
35413,904812
35414,904859
35416,838154
35417,3882779
35418,471551
35419,1978892
35420,495493
35421,3252915
35423,1657602
35424,655517
35425,4470344
35427,507415
35428,2788057
35429,1428200
35430,951509
35431,3266678
35432,684562
35434,2190282
35436,4212538
35437,1461452
35438,1639261
35439,326508
35441,2633329
35442,976663
35443,3513980
35445,2045717
35448,1822084
35450,2132208
35451,3882784
35453,1568826
35454,604874
35455,730183
35456,2931715
35457,1536715
35460,3512034
35462,2869151
35463,2781681
35464,504101
35465,256145
35466,1620930
35470,964686
35473,1772888
35474,1801182
35475,642349
35476,2642604
35477,1447978
35482,1318774
35483,4005782
35486,3021665
35487,2366586
35488,1898146
35490,272189
35491,2061535
35493,2971956
35494,2159086
35495,391841
35496,666289
35497,1891369
35498,288604
35500,2477447
35501,2140461
35503,433794
35504,117095
35505,2560311
35506,1742037
35507,470824
35509,2300204
35510,1258538
35511,3448904
35512,2524160
35513,174960
35515,1836529
35517,975529
35521,3670844
35522,165677
35523,1576921
35525,3727783
35526,2764393
35527,2989661
35528,463657
35529,3342395
35530,2943147
35531,2614806
35532,2416644
35533,2035314
35535,421446
35536,880417
35537,1531943
35540,3142011
35541,1440341
35542,3586366
35543,2217119
35545,1357278
35546,2227880
35548,1827137
35549,126737
35550,2358496
35551,634844
35552,982779
35553,789894
35556,2148337
35557,2190607
35558,1213874
35559,434788
35560,1760084
35562,2641413
35564,190639
35565,2475759
35567,1001149
35568,1370834
35569,616051
35570,896288
35571,1202872
35572,1457476
35573,1776057
35575,1477699
35577,2562518
35578,1972376
35579,1077149
35580,2767739
35584,2537199
35586,940724
35587,2079992
35588,1287127
35592,466737
35593,1526132
35594,2562748
35601,2930381
35602,190067
35603,2729911
35604,2412422
35605,1916531
35606,3519969
35607,1801571
35608,3811938
35611,1792720
35612,4220534
35613,3700650
35616,861043
35617,786508
35618,820777
35619,685343
35620,1242795
35621,234420
35623,2706314
35624,517147
35626,1408015
35627,2036157
35628,463484
35631,1566678
35632,10945
35633,1838068
35634,1089677
35638,180304
35641,1353493
35642,946995
35643,1456308
35644,899969
35645,61626
35646,2440816
35650,927538
35651,2800215
35652,2026613
35653,1537016
35654,1493153
35655,388454
35656,3870565
35657,1166935
35658,2852193
35659,1329600
35660,1328984
35662,813469
35663,1730418
35665,480464
35667,412592
35669,1807058
35672,1553572
35673,1434281
35676,2608591
35678,1968556
35679,539609
35680,1164215
35681,1169904
35682,3693091
35684,930960
35685,1444657
35686,318060
35687,1423956
35689,3222016
35690,1523738
35691,2282679
35692,634863
35693,2358908
35695,321335
35696,1441322
35697,2141159
35698,1507194
35699,2813952
35700,1857905
35701,3154672
35702,5020590
35703,2524881
35704,2710002
35705,1913933
35706,457202
35707,1800289
35708,2264072
35709,2178548
35710,1105012
35711,3405739
35712,1845216
35713,2842521
35715,2835340
35717,2796747
35718,543968
35719,2292882
35722,45602
35724,1168340
35725,1117607
35726,57125
35727,1402173
35729,2426416
35730,1649107
35731,3371118
35733,1868712
35735,1814004
35736,1699689
35737,519425
35739,2572824
35741,1104843
35742,1725416
35743,513150
35744,1463467
35745,3150696
35746,1384596
35747,773247
35748,1934213
35749,1642812
35750,962446
35751,2547844
35752,716545
35754,348221
35755,1084613
35760,2449285
35761,3841964
35762,970517
35763,2950230
35764,507780
35765,4771
35766,1348240
35770,1026948
35773,4027371
35775,3385211
35776,4478041
35777,3337710
35778,1468092
35779,2676618
35780,2343386
35781,973271
35784,666773
35785,1367218
35786,3205100
35788,1477692
35789,1496235
35790,1902209
35791,2199169
35792,644723
35793,2361626
35794,43467
35795,1894893
35796,3250341
35798,1666938
35799,977126
35800,2620831
35801,8934
35802,892960
35803,929781
35804,1424904
35805,688762
35807,1025621
35808,1915523
35809,878514
35810,1668439
35813,2649701
35816,4480238
35817,2423212
35818,529073
35819,2381814
35820,281121
35821,1457986
35822,780887
35824,150401
35826,1457945
35829,895920
35830,1968782
35832,425309
35833,1636497
35834,1965115
35835,205434
35838,2061503
35842,873251
35845,7452978
35846,1311825
35847,2416013
35849,1708344
35851,1495641
35852,998642
35853,2812231
35855,1943685
35856,1953489
35857,2727354
35859,921263
35862,436095
35863,2663967
35864,291455
35865,1210480
35867,1331218
35868,633569
35869,1183863
35870,1069169
35872,2756127
35873,3246324
35874,1129181
35876,742933
35877,390850
35878,1616996
35880,804463
35881,1871509
35882,759852
35883,1207471
35885,2254079
35886,1517642
35887,529481
35888,1386324
35889,3563698
35890,2398523
35893,1479046
35894,1723179
35895,1019856
35898,3266472
35902,1736395
35906,1501130
35907,277210
35909,3623705
35912,5509574
35915,1855251
35919,2964230
35920,2170591
35922,1052814
35923,1923689
35925,1479288
35926,1357940
35927,1410476
35928,1087305
35931,4227242
35933,1002482
35935,2145923
35937,1595325
35938,2002266
35939,2318241
35941,2062842
35942,1325055
35943,1632820
35946,2759623
35947,993145
35948,176299
35949,4132452
35953,1227432
35955,24538
35956,1586642
35957,987048
35958,1697122
35959,2229566
35960,1900846
35962,793966
35963,720687
35964,402101
35967,2170972
35969,3413490
35972,1429353
35974,1657
35975,1443146
35976,766547
35978,1496607
35979,1831796
35981,2467134
35982,780618
35983,934913
35985,665889
35987,1829948
35991,1037191
35992,2074859
35999,2537819
36001,1678750
36002,2746350
36003,527759
36004,1887476
36005,2213198
36006,689666
36007,1088226
36008,661898
36011,2051321
36012,29407
36013,2920333
36014,2127025
36015,1490398
36016,1545588
36017,1792835
36018,1317048
36019,2178353
36021,4149424
36025,2842101
36026,3547560
36028,2926529
36031,248335
36035,17501
36036,1622821
36038,1779913
36040,1446768
36042,3557664
36044,1889235
36045,3095614
36047,1914523
36048,1526150
36052,3330885
36053,2958034
36054,738120
36055,3211287
36056,948778
36057,1405191
36059,3405450
36061,747182
36062,1475961
36063,969891
36064,2565476
36066,1108770
36069,1295541
36070,1033862
36071,1624606
36073,2757880
36074,1433278
36075,934131
36077,544958
36078,1319618
36080,994501
36081,724230
36083,634124
36084,1553463
36086,2118182
36088,1732168
36089,2409731
36090,904113
36091,228474
36093,1435599
36095,2626604
36096,1949516
36098,1541609
36099,40012
36100,595859
36101,2518103
36102,2757440
36103,2042793
36105,2973295
36106,4340237
36108,175802
36109,2967691
36111,1243409
36112,551154
36115,1079495
36116,1876807
36117,1268782
36118,778094
36119,251711
36120,1537418
36121,1430622
36122,1664453
36123,1530117
36124,1861694
36125,1474593
36128,1154445
36129,1185361
36131,619281
36132,2614335
36133,2780039
36134,1347234
36136,3856278
36137,2734186
36138,1741074
36142,3800742
36143,95958
36147,1035558
36149,1052880
36150,3109086
36152,2160671
36155,1980775
36158,4934483
36159,377608
36160,1581105
36163,3089953
36164,1294375
36165,806951
36166,2570162
36169,2320816
36170,1404890
36171,913675
36172,352583
36174,991077
36175,524183
36176,204781
36177,1081439
36178,1758052
36179,1275862
36184,1070372
36188,1159636
36191,2351995
36192,324559
36193,1298709
36194,1513728
36195,1534678
36196,3341492
36197,1916726
36199,758211
36200,2722674
36201,1915533
36202,1073078
36203,1566351
36207,943996
36211,491841
36212,1186604
36214,1349033
36216,387224
36217,2274648
36218,1857648
36220,1441403
36223,1452600
36224,2939521
36225,1740430
36227,1444255
36228,209277
36229,2531458
36230,65336
36232,1911341
36238,2944573
36239,4428893
36240,1673643
36241,313472
36242,3779963
36245,631701
36246,360888
36247,1275218
36248,1697052
36251,43037
36252,1685732
36253,1316597
36254,3349003
36255,4802294
36257,1111920
36258,1924989
36262,3287901
36263,1787298
36266,1024290
36267,2007565
36268,1136896
36270,1789137
36271,782287
36276,940260
36277,1248943
36279,1038800
36280,2354812
36281,609138
36282,2123529
36284,2044039
36285,375395
36286,1655075
36287,512406
36288,1690969
36290,784166
36291,3179508
36292,2124409
36294,766333
36295,2222309
36299,488412
36301,2024402
36302,7422
36304,570512
36305,1606685
36306,1551757
36307,1049303
36308,714129
36309,2107009
36311,2339413
36312,2272623
36313,1328776
36314,2144990
36316,4082247
36319,2004843
36320,1440539
36321,2976769
36322,2489779
36323,2439692
36325,1954444
36326,1075342
36328,789455
36330,6121294
36331,30087
36332,1648327
36333,1034670
36335,2952385
36337,853833
36339,196254
36340,2228107
36342,1151696
36343,579705
36344,2136798
36346,578457
36349,1477770
36350,14992
36351,930110
36352,2990871
36354,1481010
36356,1885684
36358,2024256
36359,1274897
36360,1281552
36361,2798169
36362,2485175
36363,1900234
36364,486435
36365,1058841
36366,699139
36367,3153393
36368,2728247
36370,1576030
36373,357209
36374,1688424
36375,1088645
36377,2923206
36378,2988358
36379,2519211
36380,5746743
36381,1681379
36384,2713309
36387,801551
36389,1615373
36390,1083866
36392,1145764
36394,2207270
36396,1648787
36397,2255498
36400,1461039
36401,1250810
36403,1994216
36407,1628630
36408,142767
36414,183104
36415,401231
36416,1176365
36418,1338653
36419,1653730
36420,3717205
36421,1532723
36422,37852
36423,3413651
36424,627712
36426,976871
36427,2328613
36428,902045
36429,2136758
36432,495415
36433,2187087
36434,1347208
36436,2572034
36437,556184
36438,992139
36440,1603821
36443,2159471
36444,213286
36446,1831285
36451,1775809
36452,410806
36454,605255
36456,2760745
36457,599955
36458,479800
36460,848330
36461,1112611
36462,1789934
36463,4095234
36464,1736961
36466,668829
36468,1332887
36469,657002
36470,2482554
36472,723892
36479,1978753
36480,1143199
36481,3567105
36482,778031
36483,1914867
36484,807514
36486,589501
36487,855902
36489,2345951
36490,979354
36492,732161
36493,1998223
36494,405192
36496,538040
36497,2423036
36499,962467
36500,2187305
36502,3886013
36503,1374432
36504,1339744
36506,3504978
36507,1821919
36509,2713989
36511,1510393
36512,1753063
36515,2195242
36516,1609706
36517,402036
36518,1244046
36519,2013991
36522,1014894
36524,2184924
36525,3908374
36527,471806
36528,1243618
36529,738005
36531,1159826
36532,2000955
36533,5231103
36534,1922694
36535,2052835
36538,2295018
36539,1532004
36540,889609
36544,2612059
36545,705999
36546,5004342
36550,1024663
36551,1399987
36552,1623589
36553,2194231
36554,1478036
36556,3984060
36557,2094238
36558,489554
36559,710470
36560,1410160
36561,2536483
36563,3398168
36564,4206401
36568,1805094
36569,720391
36570,2610448
36571,1539389
36572,3801334
36575,2280722
36577,3478621
36579,3275613
36580,3335752
36582,1306112
36584,3817658
36585,881026
36586,619224
36587,1335496
36590,1730
36593,564061
36595,609976
36596,4609846
36597,1137091
36598,723731
36600,906872
36601,1242338
36603,4199179
36604,1198437
36605,3049850
36612,423931
36614,2643305
36615,3503776
36617,1798983
36618,1045154
36619,1885899
36620,841578
36621,1317307
36623,2807520
36625,1986181
36626,3418980
36627,2855781
36628,2087045
36629,509438
36630,2323869
36631,1192665
36632,595125
36633,131557
36634,2169661
36635,3549017
36636,1116910
36637,706876
36638,190001
36639,2475664
36640,1337717
36642,1100938
36644,269286
36645,1458665
36646,1097761
36647,1495365
36648,547000
36649,1424803
36650,1751308
36651,6222877
36652,2387005
36653,1184345
36654,3093037
36655,1133318
36656,1597136
36660,4486332
36661,2110202
36662,525072
36664,2770952
36666,2281120
36668,3582602
36670,487697
36671,2409425
36672,492544
36673,1214483
36674,2150400
36676,1666098
36678,258633
36684,1237597
36685,1896713
36686,823688
36687,521617
36688,1195407
36690,638745
36691,1192091
36695,1002996
36698,831882
36699,3232303
36700,2859211
36701,388417
36702,1891261
36703,362307
36704,3413291
36705,3066379
36706,1818573
36707,3295579
36711,870990
36713,784607
36714,628296
36716,1538424
36717,1680823
36718,3824589
36720,2037480
36721,2982357
36723,1274403
36726,1903116
36727,3055129
36729,1090927
36730,1137467
36731,424703
36732,1700631
36733,3268066
36735,2244191
36739,1163336
36741,16027
36742,1142248
36743,1305808
36745,405500
36746,849008
36747,1721452
36749,1940789
36750,3723407
36752,905357
36753,951171
36754,2387630
36755,333136
36758,2189404
36759,3163459
36760,1504212
36761,3257330
36762,1709605
36763,854000
36764,1976129
36767,1098815
36771,2860664
36772,1486409
36773,1217892
36777,2052057
36779,762049
36782,2595658
36783,1156075
36784,206834
36786,1015322
36787,3124354
36788,334136
36790,2646734
36791,1073417
36792,2057044
36793,2526792
36794,2552043
36795,283724
36797,2277298
36799,155381
36800,882053
36801,2030733
36802,11378
36804,2049959
36805,2559068
36806,2244590
36808,1081171
36810,1411140
36811,719080
36812,3449200
36813,15649
36814,3437701
36815,3246605
36816,1605978
36817,589404
36818,1951498
36819,2267128
36821,1715820
36823,1277720
36824,2193116
36825,1531615
36826,1195626
36827,937971
36828,1583639
36830,2096099
36832,1032900
36834,6073893
36835,394332
36837,529382
36838,1997120
36839,1818284
36840,2866181
36841,2355283
36842,3441560
36843,286570
36844,2815279
36845,349391
36847,2560176
36849,1265341
36850,2259194
36851,2195181
36855,2346681
36857,2657730
36859,1093251
36860,2471596
36861,555437
36862,1511850
36863,1141998
36864,2496318
36865,96711
36866,3418959
36867,550414
36868,2220848
36869,2826994
36870,1361117
36871,2315574
36873,172312
36875,645872
36876,1172176
36877,1910528
36878,2707665
36879,2614052
36881,849394
36882,2825371
36883,4450
36885,1615254
36888,1023734
36891,1527317
36892,3580824
36893,955470
36894,1156779
36896,1078709
36897,591378
36898,1225135
36899,1269787
36900,62972
36903,2391622
36904,1205485
36908,1073692
36909,2429298
36910,1254878
36911,1013723
36913,505176
36914,1619829
36915,2317936
36916,2020569
36917,895493
36918,426491
36919,4030654
36920,2456564
36922,2434260
36925,36807
36926,540068
36927,1025067
36928,7938909
36929,1555666
36931,903023
36933,3572517
36934,1095985
36935,878000
36937,1378337
36939,1371895
36941,1923935
36943,4314936
36944,1102281
36945,931514
36947,640314
36950,92109
36951,1598071
36953,6212559
36954,520789
36955,1321785
36956,1472921
36957,578
36959,2010503
36962,1888111
36963,1054014
36964,3769884
36965,2912352
36966,1397993
36967,2935038
36969,2624181
36971,306272
36973,2016054
36974,2059946
36975,824407
36976,187299
36977,2108664
36978,1175218
36980,2224028
36981,617163
36984,2253753
36985,1737748
36986,1273300
36987,3195619
36988,3171484
36991,1748762
36992,882533
36994,779902
36995,2967194
36996,686533
36998,1898527
36999,2109553
37000,4120982
37001,2077748
37006,258624
37010,6169947
37012,1821787
37014,757928
37018,2055977
37019,78787
37021,5453938
37022,2231872
37023,2586379
37025,436545
37026,2877970
37027,1766198
37030,1589214
37031,224898
37033,874516
37034,1461534
37035,2177926
37036,959353
37037,1604897
37038,1648034
37039,20973
37040,1157863
37041,805994
37045,1789352
37046,981459
37047,597495
37048,1041435
37050,1091791
37052,1391598
37053,3664384
37054,1474483
37055,3696341
37056,3613404
37059,2385715
37060,2793633
37062,1285915
37065,2891623
37066,812409
37067,1289929
37069,2286799
37070,41689
37071,2084588
37074,1192714
37075,751008
37077,939258
37078,14797
37079,2590175
37080,2975177
37081,1728825
37084,1443091
37085,1178666
37087,1264131
37088,141154
37089,1141160
37091,1068369
37092,1221602
37093,745267
37094,5295298
37095,1997734
37097,184597
37098,2484521
37099,147030
37102,2656640
37103,1660609
37104,1925934
37105,2154828
37106,1593271
37107,4724295
37109,1942545
37110,31660
37112,1603443
37113,4366973
37115,2346511
37116,1009175
37117,1454936
37120,2162021
37121,3152889
37122,399446
37124,922714
37125,2101048
37126,899686
37127,591826
37128,640054
37130,274176
37133,465779
37136,897810
37138,774339
37140,755746
37142,632480
37143,1362903
37146,1618757
37147,2996386
37148,209990
37149,3081405
37150,4041139
37151,1732011
37152,1026572
37154,464923
37155,2335907
37157,2382675
37161,2622786
37163,1272274
37164,3116681
37165,1919230
37166,1107005
37167,3213227
37168,2320225
37170,1346950
37173,1306697
37174,1343847
37177,1113731
37179,914371
37180,1287875
37184,3104709
37185,3599269
37188,817274
37193,1522898
37194,921726
37197,3502257
37198,2683589
37200,1743054
37201,789444
37204,3010398
37208,109014
37210,586725
37212,3493603
37213,1995639
37215,1055982
37217,2935274
37218,693539
37220,2070466
37221,371392
37223,1286516
37224,238824
37225,829393
37227,1449328
37228,2063616
37229,603839
37230,3936855
37231,6094562
37233,761031
37234,1457737
37235,1672812
37236,2171408
37238,227177
37239,2344164
37241,1402846
37243,2048350
37245,733055
37247,1501730
37248,681772
37250,2278781
37251,518009
37252,1544154
37253,1796026
37254,5015159
37255,235108
37257,52181
37260,1127849
37261,789419
37262,72170
37263,493817
37264,3709689
37267,983684
37268,2251578
37270,863196
37272,1110296
37274,524537
37275,498411
37276,675410
37277,2658126
37279,203918
37280,1922430
37281,741940
37283,1340971
37284,610244
37286,1838628
37287,2050056
37289,2380616
37290,3407373
37292,354587
37293,349221
37294,2466417
37296,2482396
37298,760449
37300,3037629
37301,3246141
37302,600590
37303,321936
37304,744034
37305,1897980
37306,25994
37307,1364100
37309,749086
37311,1677275
37312,953678
37313,2354958
37315,319433
37316,4080588
37317,641472
37319,838114
37321,2254746
37325,2652806
37326,1261631
37327,1409983
37328,1474545
37329,580283
37330,1732879
37332,1732888
37333,331506
37336,656747
37337,2125995
37338,352029
37339,1041425
37340,1602068
37341,4912997
37342,1481194
37347,3302436
37348,253791
37350,243361
37351,826084
37352,1880099
37353,2806846
37354,1881221
37355,2215390
37356,1013468
37357,2038910
37358,239669
37359,3024198
37361,1568440
37362,299013
37363,1772292
37366,1816
37367,1094653
37368,1321977
37369,953122
37370,3363828
37371,2559790
37373,125689
37374,2302660
37375,2035636
37378,1196997
37379,2974473
37382,393155
37383,5593
37384,1583354
37385,779523
37387,900490
37388,1118929
37389,408238
37391,1299582
37393,2560426
37395,929398
37396,4029904
37397,3171675
37398,3240017
37402,1935090
37404,2506729
37405,681715
37407,494257
37409,2018955
37410,1965614
37411,1311211
37412,707332
37414,3052483
37415,4243180
37416,1043594
37418,374114
37419,1907511
37420,1864658
37423,1272157
37424,3630357
37425,13494
37426,1439870
37427,1409774
37428,1238879
37429,1714671
37431,3932340
37432,791691
37434,3578423
37436,562858
37437,2811719
37440,678106
37442,1537616
37444,2355056
37446,989964
37447,425903
37449,1306267
37450,3861160
37453,2049281
37456,675458
37458,1239723
37460,689884
37461,2324777
37462,4011412
37465,15838
37466,1522353
37469,2475167
37471,2148421
37472,2451126
37474,4784643
37475,2441144
37478,2524098
37479,1721705
37480,1088794
37481,9967
37483,2466074
37484,3537401
37485,1669825
37486,1689652
37487,1261819
37488,392701
37490,1113413
37494,1463256
37495,1835140
37497,553859
37499,1165535
37500,3539271
37501,2939399
37503,758027
37505,2565897
37506,2617928
37507,96127
37509,1178402
37510,1155626
37511,2195807
37512,832934
37513,1489489
37514,860843
37515,845408
37518,400899
37520,887802
37521,1624967
37522,1382744
37523,1751883
37524,766116
37525,1236843
37526,1436680
37527,337753
37528,1151798
37530,1412754
37531,857263
37532,1633218
37533,661814
37534,3114887
37537,1003596
37538,1894467
37539,99794
37540,1264241
37541,1381134
37542,924706
37544,1657017
37545,2282405
37547,2531294
37550,2481458
37551,824879
37553,3291519
37555,2242440
37556,821139
37557,2432955
37558,1428692
37560,1790179
37561,1246995
37562,714540
37563,1407621
37564,2102426
37565,866978
37566,1167010
37568,1639641
37570,1298442
37572,2423543
37573,586233
37574,1719010
37576,252195
37578,561085
37580,971312
37583,1984744
37584,499915
37585,4673169
37587,3639176
37588,872323
37592,1016340
37593,702436
37595,3657404
37596,1837248
37598,1958273
37599,1283444
37600,1351992
37601,1555078
37602,2408024
37604,1041176
37605,2810330
37606,2723387
37608,2030843
37609,3898614
37611,1040141
37612,2585924
37614,2590842
37615,188663
37616,2898088
37617,727493
37618,226506
37619,2441089
37620,1462757
37623,1187071
37626,2672151
37628,938189
37629,2463060
37631,1651936
37632,1415212
37633,2294254
37635,2014312
37638,1330409
37639,2234780
37640,1495539
37643,2149868
37644,5586318
37645,1202317
37646,590271
37647,3978876
37648,626005
37649,1309512
37650,5672914
37651,2754777
37652,637584
37653,815787
37655,1029351
37656,880700
37657,1017141
37659,1216979
37660,3424078
37661,30773
37663,2531891
37664,1361224
37665,1277180
37666,3062209
37667,101136
37668,880450
37670,923598
37671,1584188
37673,1759028
37674,2116138
37676,911915
37683,729543
37684,1711577
37685,2972187
37686,1846971
37687,2997005
37688,1127
37690,441064
37691,3105891
37692,212676
37693,1892006
37694,46044
37695,943776
37697,1670017
37698,63848
37699,3775465
37700,573082
37703,1013315
37704,2685012
37705,5483
37707,1583590
37708,1681379
37709,1773634
37710,1312203
37712,495940
37714,3130237
37715,1347149
37716,1956935
37717,744134
37718,1021229
37720,2585985
37722,558453
37724,939856
37725,1259731
37726,1027690
37727,2289297
37728,1506446
37729,869080
37731,545017
37734,91530
37735,1739079
37738,2831302
37739,2409086
37740,79066
37741,682685
37742,1113487
37743,1078644
37746,345248
37747,717726
37749,537823
37750,2759181
37751,1645149
37752,4615105
37753,1039088
37754,564112
37757,2449559
37758,330108
37762,728839
37765,608336
37767,2045579
37768,1800538
37769,402332
37771,284385
37772,3879545
37775,1434915
37776,1254216
37777,1131595
37778,754808
37780,1191829
37781,5541589
37783,3475714
37784,2886430
37787,1303998
37789,585409
37790,891064
37792,1638564
37793,2342903
37797,2545880
37799,1205226
37801,1747658
37803,1023899
37804,1210255
37805,1553969
37806,2788415
37807,2468642
37810,1024945
37813,3592584
37814,1410843
37815,980579
37816,2421061
37817,889699
37820,3426
37821,3286100
37822,2596913
37823,3235715
37824,577554
37825,1328968
37826,2011632
37830,1720117
37831,2173777
37832,4154
37833,2873029
37834,4194628
37835,1472097
37836,1895533
37837,2586
37839,1636563
37840,765683
37841,1080694
37842,192689
37846,1018062
37849,1013618
37850,2482876
37851,2290675
37852,2761669
37853,1097955
37854,2190186
37856,2615932
37857,1708172
37859,1099691
37860,1530481
37862,439070
37863,1083554
37864,2679982
37865,1599940
37867,483848
37868,1218640
37870,1613558
37871,301766
37873,184995
37875,1113112
37876,1376005
37877,831264
37878,879611
37882,2567493
37885,3256302
37887,540370
37888,1830442
37891,1206682
37892,3195796
37893,543386
37895,1394824
37897,1773194
37898,1155507
37900,215258
37901,626230
37903,6252398
37905,316550
37906,2204374
37907,1873770
37908,1505501
37910,434656
37912,3309477
37913,1099699
37915,2328676
37916,2297973
37918,1507371
37921,999192
37922,429480
37923,1157871
37925,2811623
37926,1532488
37928,207591
37929,523575
37930,1918735
37932,1143913
37934,1345521
37935,5206767
37936,2234475
37937,109406
37938,143315
37941,6104280
37942,16510
37944,4041554
37945,650714
37946,1553142
37947,1253693
37949,4734140
37950,1127152
37952,973285
37953,3236327
37954,1794300
37955,4368120
37956,486979
37957,1269123
37958,1676378
37959,1486517
37960,546559
37961,3747761
37962,14664
37964,1101569
37966,3851098
37967,1690325
37968,1249620
37969,1198487
37971,2494158
37972,3491877
37973,1095369
37976,3704830
37977,636810
37978,2295331
37980,1515549
37982,171815
37984,803199
37985,632782
37986,1052019
37987,4225777
37991,2750428
37993,2889782
37995,758416
37996,1046656
37997,549752
37998,1915801
38000,172546
38001,1298848
38002,1225776
38004,1523
38006,1869023
38007,934226
38008,290053
38009,1900958
38010,225754
38011,2067549
38014,2142394
38015,457798
38017,1323962
38021,2461414
38023,1350457
38024,426354
38025,1550021
38027,632789
38028,1418374
38032,1454635
38034,5447782
38038,1874148
38042,555630
38043,3688985
38044,925769
38045,2282977
38048,546586
38049,2377598
38050,961621
38051,6011828
38052,61970
38053,1792142
38054,594349
38055,2598584
38056,2185218
38057,1225768
38058,1552569
38060,178888
38062,3910598
38063,1769997
38064,2213328
38066,2098299
38067,1010072
38068,1702000
38071,2058785
38073,833049
38074,2068862
38075,1829092
38077,435078
38078,2515661
38079,1998505
38080,1852216
38081,834561
38082,1155684
38083,1439955
38084,3916285
38085,2419793
38086,5170085
38088,912608
38089,1092470
38090,1089086
38091,1944349
38095,541440
38098,1123806
38100,870363
38104,2097183
38105,1318583
38106,247880
38107,1333398
38108,2720286
38110,3226678
38111,53250
38112,717336
38113,2091383
38114,873
38115,2001112
38116,2446347
38117,1098500
38118,1036370
38119,1402701
38120,925483
38121,1291953
38122,2365536
38123,2609581
38124,623132
38125,1238500
38126,1187795
38128,191899
38129,2374906
38130,190915
38131,2167084
38132,2593196
38134,2997433
38135,576341
38136,2624833
38137,4124473
38138,64901
38139,2273233
38140,2129689
38143,1019079
38144,1530866
38145,1604073
38146,1193059
38147,1092658
38148,2216692
38149,2348334
38150,1428212
38151,1330384
38152,640456
38153,1473662
38155,871895
38156,1092317
38157,1247119
38158,2337629
38159,264991
38161,82575
38162,8302
38163,1574114
38166,1697631
38168,781041
38169,3050947
38170,2569591
38171,3851055
38173,2310413
38174,1369958
38176,2401299
38177,2505780
38178,798439
38179,795858
38181,3959493
38185,3417699
38186,2430791
38187,2405176
38188,2354165
38190,1638141
38191,2172441
38192,1331448
38193,1206898
38194,2082416
38196,1810653
38198,730306
38200,4425003
38201,1017364
38203,1255836
38204,864044
38205,1825222
38206,1510735
38207,1518227
38208,1791686
38209,3041026
38212,1460279
38214,2085745
38215,134106
38216,1468972
38219,990838
38220,2438845
38222,433988
38226,129486
38230,1031465
38231,1008359
38232,129376
38233,1563318
38234,3714691
38235,1950909
38236,447928
38237,26381
38239,625018
38240,182816
38242,1262831
38243,2255119
38245,1500391
38247,1594295
38248,2227117
38249,1877773
38251,2288035
38254,2668333
38257,4849274
38258,4531115
38259,332571
38260,1418668
38261,2761320
38262,3210263
38263,2756852
38265,1623254
38267,2300532
38270,1541824
38271,1671644
38274,393322
38275,948648
38276,4400023
38277,1657512
38278,3829388
38279,297436
38280,1562640
38282,1865226
38283,1177133
38284,2867677
38285,811011
38288,726195
38290,1212504
38291,2952536
38293,419082
38295,498856
38296,27991
38300,2215030
38301,6451
38302,1478523
38303,2635199
38304,2324428
38305,2738785
38306,1631191
38307,1367168
38309,2446138
38311,3097987
38312,631771
38313,2668826
38315,2856533
38317,1370867
38318,1288387
38320,3832973
38321,1821152
38322,423454
38324,1310847
38325,2772090
38328,2461603
38329,1505208
38330,1275801
38332,4236718
38333,2087570
38335,1142409
38336,11564
38337,469992
38339,1562849
38342,1278463
38344,1479853
38345,249
38347,2157590
38348,343263
38349,1723632
38351,795998
38352,193639
38354,4684934
38358,2002638
38361,2408075
38362,1886765
38364,643811
38365,2223976
38368,747635
38371,1184413
38372,2659699
38373,1988489
38374,2069480
38375,4304674
38376,2252926
38377,1023983
38378,487287
38381,1485761
38382,4042625
38386,2191309
38387,87362
38388,378501
38389,339371
38391,1040731
38393,1561171
38394,3301722
38395,2009875
38396,4733720
38398,440357
38399,443413
38402,1343524
38403,2807613
38404,2620812
38409,2094403
38410,1094572
38412,1743570
38414,1095254
38417,956628
38418,1128679
38420,3443177
38421,215959
38422,1457878
38423,2331236
38424,2198628
38426,1427353
38427,734202
38429,539982
38430,3223073
38431,1019253
38432,1430271
38433,465771
38435,1529438
38436,1713781
38440,937221
38443,2293706
38444,954019
38446,116902
38447,1779045
38448,2188830
38449,2286968
38450,1026983
38452,956145
38453,1632835
38454,1259939
38455,140599
38456,1299589
38457,793428
38458,4563943
38459,1347837
38460,1695760
38461,1410909
38462,1288413
38463,2283309
38466,1497435
38467,1333297
38468,40392
38469,1726911
38471,515052
38472,2958261
38474,357735
38477,1712532
38482,2244392
38485,68512
38486,1405628
38488,2373214
38489,1423483
38490,680816
38491,226373
38492,2477776
38493,1731488
38494,1404414
38495,992825
38497,123499
38498,939804
38499,1207847
38500,296525
38501,326920
38502,1112944
38504,978300
38505,734055
38506,1110589
38508,95344
38509,3084980
38512,1862568
38513,28700
38514,558655
38517,1226237
38519,1391192
38522,560521
38525,2929168
38527,1926021
38532,550695
38533,2605493
38535,1664716
38538,939172
38539,1141513
38540,1560991
38541,263816
38542,933037
38544,2497697
38545,1581903
38546,789789
38547,2350741
38549,1262971
38552,134306
38554,1490265
38555,3584410
38556,1816069
38557,682506
38558,2874178
38559,798225
38560,1667460
38561,682213
38562,2623680
38563,1780147
38564,882844
38565,1237819
38566,2714167
38567,114797
38568,1999091
38570,1533421
38571,867522
38572,1199414
38575,718656
38576,769196
38577,335748
38580,514545
38581,1734437
38582,1660100
38583,1283133
38584,798757
38588,1314646
38590,1710558
38591,2326343
38592,12582
38593,3434857
38594,3333959
38595,93397
38597,1564341
38598,507664
38599,80184
38601,1964108
38602,2257398
38604,2773381
38605,3155746
38607,719304
38608,862823
38612,244263
38613,2007298
38614,1828747
38615,1474650
38616,1139499
38617,1188677
38619,1903848
38621,2902438
38625,783198
38626,862818
38629,2638007
38630,2143396
38631,923853
38633,280906
38635,1804158
38636,187176
38637,4380480
38638,2203527
38639,2459862
38640,722769
38642,3292811
38644,1574337
38645,2076353
38646,2319972
38647,2518663
38649,1885723
38651,644341
38653,2216595
38655,1052168
38656,180864
38657,2348692
38659,1405410
38660,607715
38662,3509373
38663,2999268
38664,2221912
38665,2085844
38667,1245548
38668,3647059
38669,598230
38670,2043148
38671,3514434
38672,798472
38673,745552
38674,2615381
38675,1260269
38676,1405349
38677,1076755
38678,1087085
38679,716825
38680,1175346
38681,2705005
38682,1070325
38683,2655172
38684,3667436
38685,389446
38686,747973
38687,1118584
38689,397482
38690,601122
38693,593900
38694,627982
38696,529412
38697,935
38698,3691211
38699,469510
38700,1178490
38701,940886
38703,299380
38704,1806732
38705,1791372
38707,3112264
38708,2351674
38709,752562
38710,1009374
38711,243510
38714,5328
38717,2021865
38718,1492379
38719,1903572
38720,1611973
38721,421250
38724,1708094
38725,2189622
38726,3918282
38730,3110127
38731,2768448
38732,890125
38736,1773757
38737,1312607
38738,1635179
38739,63996
38741,2205533
38742,1623436
38744,2677801
38745,1259453
38748,1648954
38752,1444233
38755,133133
38759,1681052
38761,450480
38762,3505317
38763,1000492
38764,2093289
38765,1420174
38767,3971869
38769,3166356
38771,1762445
38772,2293566
38773,2027595
38775,893844
38777,630992
38779,1670698
38780,582679
38781,2041779
38782,1341107
38783,642244
38784,1565059
38786,760594
38789,1854150
38791,1661665
38792,2591393
38793,1105128
38796,551264
38797,686637
38799,4193163
38800,1754937
38801,1428479
38802,585531
38803,4986553
38807,39654
38810,3272594
38812,1494185
38813,293197
38815,692322
38817,2220997
38819,1117128
38821,1007623
38822,3938458
38824,2956603
38825,1908429
38826,2805036
38827,1541364
38828,1022643
38830,6316390
38831,2281792
38832,3036363
38833,2166534
38834,2979037
38836,834128
38837,591039
38838,879123
38840,630603
38841,1089016
38842,1256326
38844,715079
38845,2100035
38846,1468077
38848,4267294
38849,3029503
38850,1181897
38852,2235740
38853,3091663
38854,1700452
38855,426530
38856,1935112
38859,1414365
38860,1672318
38861,703264
38862,2756606
38863,1178368
38864,2840416
38865,1668374
38867,1542153
38870,1191993
38871,1788120
38872,1162487
38873,2625972
38874,1605112
38875,1072299
38877,2716731
38878,2615616
38879,4215098
38880,968698
38881,2000473
38882,2147169
38883,895993
38884,3160906
38885,3012737
38887,3697954
38888,1516177
38889,3884668
38892,478383
38893,328735
38894,1539955
38895,1282227
38897,667486
38901,1563956
38903,612110
38904,2041613
38905,1400501
38906,2905445
38907,2787252
38908,195013
38910,611803
38912,1200569
38913,4529354
38914,795249
38915,435447
38916,1491525
38918,1973697
38919,1578689
38920,1758874
38921,2555585
38922,1463408
38924,1367318
38925,336491
38926,3088357
38928,1576966
38929,1567368
38931,768706
38932,1292469
38933,2619837
38934,2357205
38936,1396278
38937,1736460
38938,4875099
38940,1321376
38941,1850850
38942,1557353
38944,1059044
38946,1835324
38947,1162926
38948,2498116
38953,1718469
38954,3234376
38956,1272113
38957,2695995
38958,880939
38961,1550669
38963,474679
38964,3170125
38965,515654
38966,1619366
38967,1971853
38968,2172042
38970,219308
38971,2328791
38972,521420
38974,885015
38976,27180
38977,1841289
38978,783407
38982,1791737
38985,1696975
38986,2850343
38987,1580713
38989,486772
38990,4424044
38991,2366429
38992,2809612
38993,1418324
38994,1598709
38996,1781013
38997,402068
38999,1023263
39000,762365
39001,3148787
39003,1329883
39004,2066054
39005,687822
39007,954
39009,382845
39010,1723711
39011,3168665
39013,1481274
39018,2617623
39020,2159439
39021,2109867
39022,772690
39023,4651009
39024,732029
39025,2122884
39027,1040789
39032,159179
39034,80053
39035,1529491
39036,1652448
39037,1729599
39040,1338303
39041,824096
39043,951879
39044,1816703
39045,1413285
39046,1072326
39048,970260
39049,1866366
39051,605661
39052,2131575
39053,2030745
39054,768310
39056,2111658
39058,1309655
39059,1899268
39060,414502
39061,17741
39063,1894036
39064,509517
39065,962646
39066,4355659
39070,1742514
39071,371474
39072,1079821
39073,1049089
39075,1360782
39076,2515841
39077,549767
39078,1109454
39079,2301257
39081,720654
39082,2692628
39084,1058871
39085,3714895
39086,1595999
39088,281206
39089,495695
39090,3516729
39091,2670688
39092,1800632
39093,640900
39094,721134
39095,1012095
39096,1131699
39097,1121381
39099,186722
39100,2262516
39101,1375421
39103,510105
39104,1556657
39107,2826777
39108,2046631
39110,1040043
39112,547490
39113,676683
39114,2088877
39115,1454891
39116,930734
39117,9477
39119,4087133
39121,2290317
39122,2788173
39123,2231664
39124,1335706
39125,2782096
39126,2429991
39128,1170306
39129,2524910
39132,919984
39134,1324457
39136,2647513
39137,981419
39138,460922
39141,1092826
39142,382797
39143,4288138
39146,1948434
39147,1345809
39148,543586
39150,1075098
39152,502733
39154,1928633
39155,1608507
39156,1097512
39157,906189
39158,316225
39161,1763289
39162,1731483
39163,4376761
39164,1989763
39165,924543
39168,1967325
39170,899018
39171,1909086
39172,1428208
39173,1370415
39175,1770076
39177,1400396
39178,2450362
39179,1460555
39180,1628949
39181,523290
39184,701737
39185,3946975
39186,1732749
39187,2191581
39189,1175419
39190,2310244
39191,877723
39192,5053792
39193,1778898
39197,2481827
39199,2140393
39202,158016
39204,1064897
39205,775875
39207,2004655
39208,14939
39209,3963677
39211,2978314
39213,1947099
39215,752178
39216,463621
39217,1271167
39220,460217
39222,1496021
39225,999165
39226,622326
39227,693463
39229,1072981
39230,1740081
39232,1172632
39234,1738900
39238,1437443
39239,878408
39241,1042607
39244,1747769
39245,112059
39246,411680
39247,2240157
39249,2015445
39250,1041786
39251,2188529
39252,1307901
39253,742209
39254,1243565
39256,1686650
39259,1353129
39260,3115699
39261,907053
39263,3991750
39265,1122615
39266,1619552
39267,679159
39268,19468
39269,2381735
39271,207618
39273,1121340
39274,1398907
39278,625586
39279,173763
39281,2323565
39282,1310922
39283,4358524
39284,1933207
39285,996453
39286,2415728
39288,543394
39289,1147614
39290,1295118
39291,1378222
39292,1947789
39293,2920256
39294,3322500
39295,740487
39296,1249255
39298,594254
39300,1618979
39301,901276
39303,4192433
39305,1805734
39306,3163966
39307,2441891
39309,186870
39311,2296590
39312,558908
39314,3594496
39315,4301374
39316,2024664
39317,2489079
39318,252127
39319,280046
39320,1755415
39321,1212447
39322,1004537
39323,2137046
39324,463849
39325,3398684
39327,2538099
39328,2625743
39329,92411
39334,2762401
39337,2687795
39339,826775
39340,731752
39343,1124047
39345,845341
39346,3099661
39347,1272118
39348,1010413
39349,916761
39352,1421340
39353,142527
39354,2614996
39355,555
39356,1076244
39357,404970
39358,2863368
39359,2969772
39360,1244906
39362,1941124
39365,3720049
39367,1160125
39368,3105489
39370,3006662
39371,2339033
39372,258855
39373,1731454
39375,327911
39378,2680659
39379,1392989
39381,1299621
39382,1128781
39383,3564785
39385,1046393
39387,1838854
39388,5205173
39389,564960
39390,1516977
39391,2105349
39392,1343438
39397,1879326
39399,1316385
39400,1001853
39402,3074229
39404,2580232
39405,860389
39406,4085671
39408,867553
39410,523826
39411,4259945
39413,1653423
39414,2098191
39415,1004438
39416,211333
39417,481967
39418,3512869
39419,1458978
39420,1427697
39421,170056
39424,611302
39425,2620120
39426,1584985
39427,1977143
39428,1217222
39430,3374573
39432,1896683
39433,327120
39434,1409515
39435,408752
39436,1240416
39437,1759625
39438,881936
39439,762688
39440,1921118
39444,2317113
39446,717012
39448,1516112
39449,1511305
39453,139047
39454,1521993
39455,1578655
39458,2083259
39459,604819
39460,1203081
39462,3023875
39464,811146
39466,984111
39467,690973
39468,3460177
39470,1098800
39471,1516339
39472,750033
39473,955288
39474,2916164
39475,1307318
39476,1968492
39477,553492
39478,1906936
39480,643141
39482,437475
39484,1441509
39485,4543160
39487,2125865
39489,2253649
39490,113114
39491,2343770
39493,636129
39494,5013689
39495,3129700
39497,831687
39498,1565484
39502,1604343
39503,1279194
39504,3939198
39505,1604025
39506,90690
39507,2171740
39511,1627950
39512,8783
39513,1757752
39514,4019432
39516,2240826
39519,3837174
39521,1013
39522,1173448
39523,1582835
39524,1120800
39526,2677783
39529,1701789
39530,2234013
39531,915757
39532,1866229
39533,2898209
39535,2618061
39540,6968139
39541,1353975
39543,745197
39546,1022081
39547,943720
39548,2819026
39549,1920457
39550,283828
39552,2339946
39553,1041127
39554,777082
39556,1539690
39558,2049198
39559,1542969
39560,784688
39561,4050355
39562,1497885
39564,1467367
39567,2808222
39568,706302
39569,90243
39570,1760202
39571,2384453
39576,2537219
39577,1271229
39578,1627000
39579,1521455
39580,1178254
39581,1284975
39582,671486
39583,539238
39584,433162
39586,1762951
39587,27423
39588,2138204
39589,3825056
39591,1496585
39592,281300
39593,2916330
39594,2647943
39595,4571213
39599,1099192
39600,179539
39601,3134223
39602,1032927
39603,1702054
39605,1865128
39606,2478523
39608,561273
39610,1642418
39613,3940
39615,1559804
39616,1314063
39618,712478
39619,1149126
39620,1939013
39621,743071
39624,2033326
39625,2068891
39628,1239861
39630,1466547
39632,1351169
39633,3937342
39635,570104
39636,1902158
39637,2085920
39638,527263
39639,441303
39640,271550
39641,2431521
39642,1005654
39645,4127557
39646,2497986
39647,1117402
39650,3087076
39654,1517138
39655,2140632
39656,3969408
39659,270809
39660,47436
39662,1552875
39663,340793
39664,2409379
39665,2016032
39666,2607905
39668,3634771
39669,2166797
39670,832273
39671,1550196
39673,3312218
39674,1270560
39675,727882
39676,1028621
39677,1852766
39678,1358118
39681,1320694
39682,962777
39683,1386920
39684,4232458
39689,2435587
39690,1849755
39691,1743936
39692,1180822
39693,1230479
39695,1367373
39696,1250388
39697,824986
39698,2805949
39700,638569
39702,2723230
39705,1442898
39707,753239
39708,909463
39710,2097883
39713,2079411
39714,1269396
39715,1581036
39716,1365245
39717,1898160
39719,2358037
39720,1119771
39721,1583235
39722,2389771
39723,2894510
39725,811564
39726,16515
39727,1119455
39728,1040485
39729,2746007
39730,2123559
39731,1206592
39732,745027
39734,3630874
39735,2027228
39736,1362340
39739,4562194
39741,2497657
39743,630078
39744,4178292
39747,2031152
39748,589089
39751,1269642
39752,2142620
39753,1886782
39754,925334
39755,1268981
39758,3066035
39759,1729149
39760,3488119
39761,1597381
39763,957328
39768,5001079
39770,1197564
39771,1678910
39772,1020841
39773,239524
39774,473593
39775,4410885
39777,772448
39779,1545264
39780,1705284
39782,1952383
39783,1663276
39785,565564
39786,2372737
39787,1285998
39788,2315144
39789,3168642
39790,1953741
39791,1293763
39794,1100456
39796,315495
39797,461288
39799,2215389
39802,2459926
39803,2195653
39804,1918839
39805,1894600
39806,737143
39809,1921345
39810,1489370
39812,320026
39813,2696681
39816,417135
39817,1918666
39819,109268
39820,152457
39821,1652000
39822,2707006
39824,3339136
39826,2322016
39827,2168929
39828,1400736
39829,419375
39830,539842
39832,888154
39833,1106803
39834,1076505
39835,1666077
39836,1869058
39837,181488
39838,1036853
39839,1476564
39840,889720
39841,1764775
39842,1184053
39843,508752
39844,2455973
39845,2540717
39847,1935266
39848,1966691
39849,792343
39851,1377282
39852,1636299
39853,1195097
39854,2265860
39855,1597765
39858,523279
39861,272714
39862,340797
39864,1953250
39866,3159930
39869,3673965
39870,3865710
39871,1569
39872,385592
39873,1406481
39874,259456
39875,3161975
39876,855769
39877,1450684
39878,999452
39879,1125992
39880,2194297
39881,4404832
39882,3234082
39883,685465
39884,2530319
39885,1860612
39887,1542571
39892,1283534
39894,768324
39895,677292
39896,1775113
39897,834311
39899,2442188
39900,210579
39905,2181787
39907,2098969
39908,1855814
39909,1873921
39913,1739999
39914,1110104
39915,1859791
39917,3022182
39918,1198985
39919,616598
39920,687113
39922,1170715
39925,2513207
39927,1778823
39930,1653044
39932,531543
39934,2002268
39938,1429506
39939,2121269
39940,2372931
39941,757516
39943,1367480
39945,312964
39946,1309058
39947,2951390
39949,1250927
39951,3765983
39952,767706
39954,1885444
39956,1790369
39957,1203603
39958,1184417
39959,1533626
39960,1569887
39962,4017297
39963,726312
39964,2155632
39965,1118335
39966,1684859
39968,269847
39969,620801
39970,749273
39972,2097969
39973,1789290
39974,2026855
39976,1068180
39978,2754532
39979,3308476
39982,1786647
39983,473070
39984,562832
39986,1469698
39987,1699914
39988,1190683
39989,1852781
39990,3646735
39992,3586586
39993,1691287
39995,1650643
39996,514003
39997,1645859
40000,2398469
40001,886982
40002,371699
40003,1339081
40004,806623
40005,1662707
40006,3642693
40007,1041918
40008,715010
40010,1357940
40011,2276387
40013,2010184
40015,2595300
40016,1440983
40017,1352806
40019,205216
40021,4079533
40023,4898988
40024,1331427
40025,3411093
40026,3636344
40027,2039285
40028,755273
40030,3407934
40032,2670512
40034,1804680
40035,743928
40036,1231736
40039,774078
40041,544969
40044,525192
40045,1242378
40047,5661031
40048,327563
40049,1574839
40050,3867433
40051,2453127
40052,1922395
40053,2712390
40055,1435605
40056,2504864
40058,47700
40059,3036886
40060,1245182
40061,2255916
40063,5989472
40065,955632
40066,4598391
40067,914693
40068,1455443
40069,3802041
40070,1662736
40071,2868828
40072,1493935
40073,254282
40075,1836939
40077,1143317
40079,2275990
40080,3701527
40081,1879990
40082,2187751
40083,3123049
40084,1004160
40085,1068172
40089,1138056
40092,823535
40093,761580
40096,493379
40097,1054862
40098,385240
40099,2290445
40100,1157542
40103,1179666
40104,526838
40106,1871915
40107,1110841
40108,5401008
40109,1146499
40110,246693
40112,1255377
40113,73946
40116,2203493
40117,1212347
40118,744232
40119,790873
40121,1593075
40122,555041
40123,1089014
40124,658907
40129,1103298
40130,144711
40131,454658
40132,226425
40133,728312
40134,227129
40135,2356387
40136,2004588
40137,1423772
40138,1715500
40141,1534822
40143,2028431
40144,1863994
40147,2411187
40148,2109796
40151,2593884
40152,1291122
40153,1402076
40155,2036973
40157,814632
40158,1911212
40159,2938520
40161,1691461
40164,1806357
40165,654156
40167,2027505
40169,952923
40170,3473827
40171,3302999
40172,1712050
40173,2394901
40174,723374
40176,2789019
40177,1182408
40178,1559804
40179,1721937
40182,2195686
40183,53469
40185,2164851
40187,1712161
40189,1038432
40190,441600
40194,3470396
40196,667953
40197,1079930
40198,1242609
40201,2411678
40203,1159739
40205,5225746
40208,874369
40209,226514
40210,660271
40211,723930
40212,3342360
40213,524126
40214,1329040
40215,2119998
40216,2373646
40217,189280
40218,472204
40219,1006282
40220,3121677
40221,1019185
40223,790278
40225,1853990
40226,2711789
40227,1122883
40230,3363657
40231,1306989
40232,468685
40233,1034604
40234,1454917
40235,2630614
40237,242347
40247,3190745
40249,2062836
40250,1976827
40252,679787
40254,1371121
40255,211689
40256,1454621
40257,2739316
40258,419390
40260,1897906
40262,2080763
40263,418093
40264,4211104
40265,1573005
40266,270424
40267,675225
40268,3642343
40269,2771106
40271,1158222
40273,1544403
40275,1313453
40276,1270293
40277,1292897
40278,910052
40279,2121664
40280,3017738
40281,3959324
40282,597606
40283,3476484
40286,445567
40287,1389576
40288,3588584
40289,1349562
40290,105894
40291,2141540
40292,734737
40293,1574513
40295,856796
40296,2412179
40297,3979468
40298,149674
40299,1960747
40300,312854
40302,1964425
40304,3543329
40306,3609656
40307,168059
40308,1216646
40310,1836757
40313,180976
40316,574448
40317,831059
40318,1573594
40320,5408629
40322,3032
40323,2252026
40328,1900397
40329,2083072
40330,1528778
40331,2002233
40332,2786827
40335,1122892
40336,2086579
40338,2809445
40339,1723177
40341,1383058
40342,3109644
40343,2079345
40345,2852345
40346,3005456
40347,2330094
40349,4056749
40350,1364630
40351,2437356
40355,1207546
40356,2747306
40358,2149300
40359,1552829
40360,2518666
40361,1422322
40362,2977790
40363,2043754
40364,4303098
40368,1614152
40369,1011052
40370,2803134
40371,2993935
40372,4308163
40377,1152888
40378,209315
40380,498606
40381,890694
40382,1191539
40383,1467763
40384,1486339
40386,1759016
40387,369933
40388,169537
40389,562371
40390,672857
40391,1635160
40392,1785320
40394,1395722
40396,152476
40398,1007283
40399,296077
40400,1961102
40401,3003043
40402,2635789
40404,967045
40406,2181900
40408,1347172
40409,2566102
40410,193299
40411,1594453
40414,2071574
40416,674420
40417,855151
40419,1373260
40420,736471
40421,1562652
40422,322619
40423,1615738
40424,3408072
40425,1415417
40427,1754264
40428,4260569
40429,9259
40430,1989688
40431,2657824
40433,2497922
40434,975694
40435,1807449
40436,114371
40437,721878
40439,1903374
40440,1590161
40441,1005143
40442,5223226
40443,3008911
40444,1528400
40445,342821
40446,2641490
40447,869876
40452,2475016
40453,944776
40454,762658
40455,4261537
40456,789063
40457,2480697
40458,740383
40460,2482731
40461,992688
40462,1010141
40463,2744843
40464,841223
40465,1892176
40466,3200820
40467,1657248
40468,1566777
40469,1230183
40470,1054903
40471,3523515
40473,2701875
40474,306103
40475,717592
40476,4644
40477,2058319
40481,1290141
40482,2503344
40483,1482660
40484,1886239
40485,987656
40486,2011261
40488,1732777
40489,667174
40490,1177937
40491,2821566
40492,1696269
40493,3226488
40496,1723467
40497,435282
40498,3668573
40499,3850009
40501,917211
40502,664919
40503,859373
40505,1068181
40506,1794125
40507,1871666
40509,1879326
40513,1257868
40514,1468992
40515,236085
40517,956639
40518,1097957
40519,4960
40522,7936874
40523,539049
40524,1036752
40526,498418
40527,3711262
40528,1591842
40530,2031454
40531,1142213
40532,2858990
40534,975315
40535,1182629
40536,5687
40538,2565566
40539,799591
40540,412615
40541,1185510
40542,2146390
40543,740977
40544,1879553
40545,632945
40546,1235027
40548,995171
40549,3717
40550,1700849
40551,1488415
40554,1385353
40555,1955456
40556,6743863
40557,1451659
40558,2290
40559,839253
40560,2427142
40561,1172580
40563,1572675
40564,2211768
40565,3851573
40570,1834243
40571,2706633
40573,337672
40574,958327
40575,1155660
40578,3252103
40579,936361
40581,2493697
40582,1767606
40583,970887
40584,517617
40585,2263406
40586,586135
40587,924193
40588,761066
40589,1739195
40591,2778965
40592,2228263
40594,948582
40595,584024
40596,3471568
40597,1653461
40598,156975
40599,775835
40601,3302889
40602,1416676
40603,2546128
40604,91307
40605,1798077
40606,1763679
40607,1533765
40608,1210466
40609,63617
40612,431044
40613,1182110
40614,1550969
40615,287953
40616,3683401
40617,1255032
40618,873801
40619,2101963
40621,1709528
40622,3916053
40623,986383
40630,838015
40632,1655184
40633,1997151
40634,1389653
40635,703250
40636,1448303
40637,510185
40639,1814840
40640,1388598
40641,1409759
40642,1568036
40643,1283563
40644,798968
40645,393153
40647,1674554
40650,1376076
40651,373566
40653,2521359
40655,1460319
40658,1592007
40659,2059010
40660,4366007
40661,1543606
40664,874896
40665,4381977
40667,46356
40669,1171981
40671,4522
40672,1070580
40674,844961
40675,3308928
40680,754787
40681,932931
40682,4010238
40684,1253163
40685,1495109
40686,2309250
40689,4594247
40690,142917
40693,1461592
40696,627394
40697,1258897
40698,2554439
40699,2978937
40700,2766126
40701,1025124
40702,992453
40703,1161648
40705,639757
40707,1621655
40709,1746877
40710,2490100
40711,780608
40712,2068313
40713,1704043
40714,1427471
40715,2128963
40716,202759
40717,1379140
40718,374096
40720,1202142
40721,1515556
40722,3161371
40724,2571929
40725,4196588
40727,1659922
40729,2338150
40731,2907904
40732,1104158
40734,1264078
40739,2100036
40741,7029
40742,2021690
40744,644056
40745,1264693
40746,893944
40747,3600922
40748,1910074
40751,505420
40752,2364513
40753,846008
40755,2361407
40757,3707718
40758,1436875
40759,1172736
40760,1939676
40763,616366
40764,1428089
40767,2756933
40768,1826285
40769,111034
40770,2455461
40771,1564987
40772,1497875
40773,902041
40774,1146895
40775,1045387
40776,2061354
40777,3168828
40780,2089447
40781,1698414
40782,2145145
40784,898865
40787,1198773
40790,433880
40791,671421
40795,3046972
40797,2199375
40798,1674984
40799,1825381
40800,1174648
40801,259120
40802,918367
40803,3526392
40804,3773484
40806,3712714
40808,341666
40809,650803
40810,676212
40811,1147694
40812,1969079
40813,2031255
40815,180960
40816,1773771
40818,3370715
40819,2654495
40821,2056730
40822,1173622
40823,78217
40824,3171973
40827,891660
40828,2177936
40829,1920616
40830,1404581
40831,275059
40832,1897843
40834,1278322
40837,2584737
40838,2031038
40839,2090930
40840,1210186
40841,614438
40842,525256
40843,2050000
40844,2586277
40845,770219
40848,1388743
40849,1552888
40850,1545981
40855,1100557
40856,3822081
40857,874559
40858,1127051
40860,564298
40861,2153002
40863,3125119
40867,895647
40869,489541
40870,1905060
40872,1445715
40873,1503498
40875,1221405
40876,5025774
40877,2721272
40880,712705
40881,659847
40882,1743640
40883,3906101
40886,1262173
40887,1507509
40888,2212326
40890,1086439
40891,1393845
40892,5580351
40893,1734588
40895,281862
40896,381546
40897,681919
40899,1606489
40900,188094
40904,3193320
40905,493265
40906,1339260
40907,698523
40908,1395583
40909,1412996
40910,2744644
40911,1702690
40912,2638064
40917,899639
40919,119699
40921,1322807
40922,729696
40924,2347927
40925,1623569
40926,1047890
40929,881050
40930,773999
40931,477507
40932,20855
40934,2678683
40935,92197
40936,1974699
40938,2432827
40942,1155308
40946,1043460
40947,1890859
40948,1806626
40949,1355805
40950,2391164
40951,1814560
40952,2449302
40953,726674
40954,429523
40957,1636883
40961,2002992
40962,307372
40963,1229820
40964,839736
40965,1997270
40966,2368505
40968,642721
40969,1912519
40970,976931
40971,282721
40972,2106275
40973,1472369
40974,2050371
40975,2340874
40977,3632906
40978,1560667
40980,834004
40981,1125306
40982,1713907
40983,1070054
40984,389430
40985,1748101
40986,2431333
40988,1509870
40989,744578
40990,1749602
40991,79887
40992,880626
40993,2916524
40998,1607000
41003,178801
41004,2781623
41005,1431809
41006,2549135
41009,2876340
41010,3071014
41011,1614250
41012,2135842
41013,709802
41014,1250403
41015,3749886
41016,1035601
41017,2376502
41019,1947874
41020,1608193
41021,2659747
41022,1622639
41024,1961233
41025,1270219
41026,112621
41027,2101345
41028,1479828
41030,544332
41032,508841
41033,6327
41034,2551957
41036,1733681
41037,2669765
41038,2461544
41040,1346424
41041,1900780
41042,1589536
41043,910804
41046,4041067
41048,2068733
41049,1207871
41050,872319
41051,1409251
41053,886611
41055,4277840
41056,1582755
41057,907618
41058,4297773
41060,2447179
41063,2498058
41066,2533790
41070,2981187
41072,4678467
41074,751861
41075,2771958
41076,313336
41077,2302317
41080,1509801
41082,3069559
41087,2233
41088,3089295
41089,1387012
41090,1851216
41092,1007222
41093,151325
41094,539061
41095,968104
41097,577446
41098,470471
41099,2576371
41100,456782
41101,459576
41103,242410
41104,1126970
41105,584281
41106,696242
41107,1019041
41109,1137334
41110,1577905
41113,136077
41115,1027278
41116,2100787
41118,1549399
41119,7925003
41121,2400407
41122,3197142
41123,944065
41124,744778
41126,456974
41127,527415
41128,6170329
41132,3903314
41133,3516935
41134,5304483
41135,3892653
41136,1268796
41137,1055388
41138,1131542
41139,3156201
41140,2112350
41141,10735330
41142,1222982
41143,1394370
41144,453869
41146,3190679
41147,1051283
41149,2509802
41150,1012611
41153,2854786
41154,49644
41156,1587362
41157,1709079
41158,1240248
41159,2166947
41163,3039057
41164,3096381
41167,746863
41168,2133466
41171,6018232
41175,2730135
41177,2097909
41181,500846
41182,1935909
41184,1927007
41185,1573186
41186,47666
41187,4840753
41188,3093802
41189,939533
41190,2003671
41193,1232350
41194,932823
41195,1913888
41197,2232618
41198,1539326
41201,850559
41202,2540080
41204,3703507
41205,2485987
41206,530203
41207,1342
41208,1691291
41209,36998
41210,1592911
41211,1328408
41212,2259333
41214,3600368
41215,2677
41217,1985740
41219,1121387
41220,853030
41221,61992
41223,817284
41224,79772
41225,2839236
41227,1791862
41229,1485785
41230,1111352
41231,1386688
41232,546743
41233,1576022
41234,524337
41235,2762287
41236,2206461
41238,1836810
41239,2942656
41240,1662914
41243,1508504
41244,1545235
41246,1223600
41248,3776789
41252,737755
41253,1819545
41254,744883
41255,1844511
41256,1859915
41258,1262054
41259,986308
41260,3043509
41261,2557457
41264,158766
41265,1432741
41266,880141
41267,686411
41268,1543407
41269,886084
41270,2665081
41271,3742905
41272,946874
41273,277850
41274,1729643
41277,1573647
41278,2769548
41279,1992525
41281,2206597
41283,2524351
41285,905957
41286,1385206
41287,2824448
41288,1031236
41289,2257833
41292,2430937
41297,2732556
41300,846529
41306,3064246
41310,6973259
41312,986415
41313,2269724
41314,1964248
41316,1900825
41317,2491692
41319,2315567
41320,880300
41321,3258555
41322,2641564
41326,991289
41327,1895239
41328,1203597
41329,1634999
41333,5762711
41334,2616153
41336,609576
41339,1310390
41340,1431222
41342,1036672
41344,2546669
41347,4342470
41349,1402161
41350,574358
41351,1015665
41352,1638583
41353,4553222
41354,868299
41355,3173901
41356,563896
41357,3126494
41358,1263621
41360,1148482
41361,441523
41362,869416
41364,1981684
41365,2185092
41366,997100
41368,2941662
41369,818956
41370,1289458
41375,219578
41376,45886
41377,5669
41379,1820855
41382,1159014
41383,1269976
41386,1570644
41387,3756686
41388,1070465
41389,784136
41394,1672002
41396,3412084
41398,415296
41401,1576800
41402,997631
41403,725179
41404,1416796
41406,3476538
41407,718408
41408,648635
41409,2754326
41413,1789200
41414,1670961
41415,624578
41416,1916663
41417,2138662
41418,2707955
41419,2783462
41420,4797997
41422,933703
41424,1872128
41426,624832
41427,1416221
41428,262111
41430,725227
41434,2234950
41435,3328320
41436,1628367
41437,390621
41438,350468
41439,269007
41440,281655
41442,1074782
41444,1143831
41446,1539171
41447,232783
41448,2892332
41449,1700621
41450,733231
41451,1371832
41452,2048467
41454,662167
41457,768150
41458,3125642
41459,1679007
41460,2437593
41461,388964
41465,1404585
41466,541930
41467,2239617
41468,1125910
41469,32737
41471,2981681
41472,2075168
41473,773354
41474,1925174
